app_id,name,genre,price_usd,release_year,is_free
1172470,Apex Legends™,Action,0.0,2020,1
1938090,Call of Duty®,Action,0.0,2022,1
1203220,NARAKA: BLADEPOINT,MMO,0.0,2021,1
1086940,Baldur's Gate 3,Adventure,47.99,2023,0
553850,HELLDIVERS™ 2,Action,39.99,2024,0
2252570,Football Manager 2024,Sports,59.99,2023,0
2669320,EA SPORTS FC™ 25,Sports,69.99,2024,0
1245620,ELDEN RING,Action,59.99,2022,0
2878980,NBA 2K25,Sports,39.99,2024,0
1222670,The Sims™ 4,Adventure,0.0,2020,1
1091500,Cyberpunk 2077,RPG,29.99,2020,0
1599340,Lost Ark,MMO,0.0,2022,1
2379780,Balatro,Casual,14.99,2024,0
1142710,Total War: WARHAMMER III,Action,59.99,2022,0
427520,Factorio,Casual,35.0,2020,0
2358720,Black Myth: Wukong,Action,59.99,2024,0
1364780,Street Fighter™ 6,Action,59.99,2023,0
261550,Mount & Blade II: Bannerlord,Action,49.99,2022,0
1158310,Crusader Kings III,RPG,14.99,2020,0
526870,Satisfactory,Adventure,39.99,2024,0
1604030,V Rising,MMO,34.99,2024,0
1551360,Forza Horizon 5,Racing,59.99,2021,0
2221490,Tom Clancy’s The Division® 2,Action,9.99,2023,0
1237950,STAR WARS™ Battlefront™ II,Action,9.99,2020,0
2344520,Diablo® IV,Action,49.99,2023,0
1151340,Fallout 76,RPG,39.99,2020,0
1466060,Tainted Grail: The Fall of Avalon,Action,29.99,2023,0
632360,Risk of Rain 2,Action,24.99,2020,0
1284190,The Planet Crafter,Adventure,23.99,2024,0
1361210,"Warhammer 40,000: Darktide",Action,39.99,2022,0
1286830,STAR WARS™: The Old Republic™,MMO,0.0,2020,1
1238810,Battlefield™ V,Action,49.99,2020,0
1238840,Battlefield™ 1,MMO,5.99,2020,0
899770,Last Epoch,Action,34.99,2024,0
990080,Hogwarts Legacy,Action,59.99,2023,0
1063730,New World: Aeternum,MMO,59.99,2021,0
1248130,Farming Simulator 22,Simulation,29.99,2021,0
949230,Cities: Skylines II,Simulation,49.99,2023,0
548430,Deep Rock Galactic,Action,9.89,2020,0
2707930,Palia,Adventure,0.0,2024,1
2195250,EA SPORTS FC™ 24,Sports,69.99,2023,0
1426210,It Takes Two,Action,13.99,2021,0
1687950,Persona 5 Royal,RPG,59.99,2022,0
239140,Dying Light,Action,8.99,2021,0
1293830,Forza Horizon 4,Racing,59.99,2021,0
529340,Victoria 3,Simulation,49.99,2022,0
1326470,Sons Of The Forest,Action,29.99,2024,0
1778820,TEKKEN 8,Action,69.99,2024,0
1144200,Ready or Not,Action,49.99,2023,0
1904540,Football Manager 2023,Sports,0.0,2022,1
1888930,The Last of Us™ Part I,Action,35.99,2023,0
1407200,World of Tanks,MMO,0.0,2021,1
2050650,Resident Evil 4,Action,39.99,2023,0
1304930,The Outlast Trials,Action,39.99,2024,0
1716740,Starfield,RPG,69.99,2023,0
1621690,Core Keeper,Adventure,14.99,2024,0
1446780,MONSTER HUNTER RISE,Action,9.99,2022,0
1401590,Disney Dreamlight Valley,Action,39.99,2023,0
2186680,"Warhammer 40,000: Rogue Trader",Adventure,49.99,2023,0
686810,Hell Let Loose,MMO,24.99,2021,0
1868140,DAVE THE DIVER,Adventure,19.99,2023,0
1284210,Guild Wars 2,MMO,0.0,2022,1
397540,Borderlands 3,Action,59.99,2020,0
1465360,SnowRunner,Adventure,29.99,2021,0
1260320,Party Animals,Action,11.99,2023,0
933110,Age of Empires III: Definitive Edition,Strategy,0.0,2020,1
1794680,Vampire Survivors,Action,4.99,2022,0
1517290,Battlefield™ 2042,Action,4.79,2021,0
2071280,Ravenswatch,Action,24.99,2024,0
1290000,PowerWash Simulator,Casual,24.99,2022,0
1190970,House Flipper 2,Casual,39.99,2023,0
1384160,GUILTY GEAR -STRIVE-,Action,39.99,2021,0
1328670,Mass Effect™ Legendary Edition,Action,8.99,2021,0
962130,Grounded,Action,39.99,2022,0
1774580,STAR WARS Jedi: Survivor™,Action,24.49,2023,0
1222140,Detroit: Become Human,Action,39.99,2020,0
1240440,Halo Infinite,Action,0.0,2021,1
782330,DOOM Eternal,Action,39.99,2020,0
1145360,Hades,Action,9.99,2020,0
1677280,Company of Heroes 3,Action,59.99,2023,0
304390,FOR HONOR™,Action,29.99,2024,0
2488620,F1® 24,Racing,69.99,2024,0
2215430,Ghost of Tsushima DIRECTOR'S CUT,Action,59.99,2024,0
1167630,Teardown,Action,29.99,2022,0
1145350,Hades II,Action,29.99,2024,0
872410,ROMANCE OF THE THREE KINGDOMS XIV,Simulation,59.99,2020,0
2679460,Metaphor: ReFantazio,Action,69.99,2024,0
1569040,Football Manager 2022,Sports,0.0,2021,1
2113850,Spirit City: Lofi Sessions,Casual,11.99,2024,0
2157560,Granblue Fantasy Versus: Rising,Action,49.99,2023,0
1669000,Age of Wonders 4,Strategy,32.49,2023,0
2161700,Persona 3 Reload,Adventure,69.99,2024,0
1876890,Wandering Sword,Adventure,24.99,2023,0
699130,World War Z,Action,29.99,2021,0
1527950,Wartales,Adventure,34.99,2023,0
1850570,DEATH STRANDING DIRECTOR'S CUT,Action,19.99,2022,0
1259420,Days Gone,Action,49.99,2021,0
1282100,REMNANT II®,Action,49.99,2023,0
1824220,Chivalry 2,MMO,39.99,2022,0
1934680,Age of Mythology: Retold,Strategy,23.99,2024,0
1029690,Sniper Elite 5,Action,49.99,2022,0
1313140,Cult of the Lamb,Action,24.99,2022,0
1084600,My Time at Sandrock,Adventure,39.99,2023,0
1149460,ICARUS,Action,17.49,2021,0
427410,Abiotic Factor,Action,24.99,2024,0
1325200,Nioh 2 – The Complete Edition,Action,49.99,2021,0
2231380,Tom Clancy's Ghost Recon® Breakpoint,Action,59.99,2023,0
1244460,Jurassic World Evolution 2,Simulation,59.99,2021,0
1449560,Metro Exodus,Action,29.99,2020,0
1222680,Need for Speed™ Heat,Racing,10.49,2020,0
1593500,God of War,Action,49.99,2022,0
2208920,Assassin's Creed Valhalla,Action,59.99,2022,0
1129580,Medieval Dynasty,Action,34.99,2021,0
1627720,Lies of P,Action,59.99,2023,0
1158160,Coral Island,Adventure,29.99,2023,0
1506830,FIFA 22,Sports,0.0,2021,1
1092790,Inscryption,Adventure,7.99,2021,0
2321470,Deep Rock Galactic: Survivor,Action,7.49,2024,0
924970,Back 4 Blood,Action,59.99,2021,0
1196590,Resident Evil Village,Action,15.99,2021,0
2591280,F1® Manager 2024,Simulation,34.99,2024,0
2688950,Planet Coaster 2,Simulation,49.99,2024,0
1147560,Skul: The Hero Slayer,Action,19.99,2021,0
1817070,Marvel’s Spider-Man Remastered,Action,59.99,2022,0
2666510,Rusty's Retirement,Casual,6.99,2024,0
1237970,Titanfall® 2,Action,4.79,2020,0
1238860,Battlefield 4™,Action,3.99,2020,0
1971870,Mortal Kombat 1,Action,49.99,2023,0
1263850,Football Manager 2021,Sports,0.0,2020,1
1940340,Darkest Dungeon® II,Indie,39.99,2023,0
934700,Dead Island 2,Action,49.99,2024,0
1888160,ARMORED CORE™ VI FIRES OF RUBICON™,Action,59.99,2023,0
2420110,Horizon Forbidden West™ Complete Edition,Action,59.99,2024,0
881020,Granblue Fantasy: Relink,Action,59.99,2024,0
1044720,Farthest Frontier,Indie,29.99,2022,0
1113000,Persona 4 Golden,RPG,19.99,2020,0
1336490,Against the Storm,Simulation,29.99,2023,0
1790600,DRAGON BALL: Sparking! ZERO,Action,69.99,2024,0
1210320,Potion Craft: Alchemist Simulator,Indie,19.99,2022,0
753640,Outer Wilds,Action,24.99,2020,0
975370,Dwarf Fortress,Indie,29.99,2022,0
362890,Black Mesa,Action,19.99,2020,0
1286680,Tiny Tina's Wonderlands,Action,59.99,2022,0
2000950,Call of Duty®: Modern Warfare®,Action,59.99,2023,0
1501750,Lords of the Fallen,Action,29.99,2023,0
1845910,Dragon Age™: The Veilguard,Action,59.99,2024,0
2835570,Buckshot Roulette,Action,2.99,2024,0
2054970,Dragon's Dogma 2,Action,39.89,2024,0
885970,Total War: ROME REMASTERED,Strategy,29.99,2021,0
1462040,FINAL FANTASY VII REMAKE INTERGRADE,Action,69.99,2022,0
1718570,ASTLIBRA Revision,Action,24.99,2022,0
2515020,FINAL FANTASY XVI,Action,49.99,2024,0
920210,LEGO® Star Wars™: The Skywalker Saga,Action,49.99,2022,0
1151640,Horizon Zero Dawn™ Complete Edition,Action,0.0,2020,1
848450,Subnautica: Below Zero,Adventure,29.99,2021,0
1057090,Ori and the Will of the Wisps,Action,29.99,2020,0
1030840,Mafia: Definitive Edition,Action,39.99,2020,0
1097150,Fall Guys,MMO,0.0,2020,1
2072450,Like a Dragon: Infinite Wealth,Action,69.99,2024,0
870780,Control Ultimate Edition,Action,7.99,2020,0
1272080,PAYDAY 3,Action,29.99,2023,0
1985810,Call of Duty®: Black Ops Cold War,Action,59.99,2023,0
784080,MechWarrior 5: Mercenaries,Action,29.99,2021,0
2369390,Far Cry® 6,Action,59.99,2023,0
1809540,Nine Sols,Action,29.99,2024,0
1846380,Need for Speed™ Unbound,Racing,9.79,2022,0
1651560,Fabledom,Casual,20.99,2024,0
1102190,Monster Train,Strategy,24.99,2020,0
1054490,Wingspan,Indie,19.99,2020,0
1213210,Command & Conquer™ Remastered Collection,Strategy,5.99,2020,0
1072040,Panzer Corps 2,Strategy,39.99,2020,0
1575940,Sins of a Solar Empire II,Simulation,49.99,2024,0
1030830,Mafia II: Definitive Edition,Action,29.99,2020,0
1324130,Stranded: Alien Dawn,Simulation,34.99,2023,0
1601580,Frostpunk 2,Simulation,44.99,2024,0
1562430,DREDGE,Adventure,16.19,2023,0
2108330,F1® 23,Racing,69.99,2023,0
2124490,SILENT HILL 2,Action,69.99,2024,0
1244090,Sea of Stars,Adventure,34.99,2023,0
2440510,Forza Motorsport,Racing,69.99,2023,0
1451190,Undisputed,Sports,49.99,2024,0
1332010,Stray,Adventure,29.99,2022,0
850190,Goat Simulator 3,Adventure,29.99,2024,0
597180,Old World,Simulation,39.99,2022,0
1235140,Yakuza: Like a Dragon,Action,19.99,2020,0
1659420,UNCHARTED™: Legacy of Thieves Collection,Adventure,49.99,2022,0
668580,Atomic Heart,Action,59.99,2023,0
1272320,Diplomacy is Not an Option,Indie,29.99,2024,0
1222690,Dragon Age™ Inquisition,Action,39.99,2020,0
1267540,WRC 9 FIA World Rally Championship,Racing,29.99,2021,0
368260,Marvel's Midnight Suns,RPG,59.99,2022,0
694280,Zombie Army 4: Dead War,Action,49.99,2021,0
1588010,PGA TOUR 2K23,Sports,59.99,2022,0
780290,Gloomhaven,Adventure,34.99,2021,0
756800,Contraband Police,Action,29.99,2023,0
1265820,Fights in Tight Spaces,Action,24.99,2021,0
1105670,The Last Spell,Action,14.99,2023,0
1629520,A Little to the Left,Casual,14.99,2022,0
1124300,HUMANKIND™,Strategy,49.99,2021,0
1875830,Shin Megami Tensei V: Vengeance,Adventure,59.99,2024,0
1488200,Symphony of War: The Nephilim Saga,Adventure,19.99,2022,0
1458140,Pacific Drive,Racing,20.99,2024,0
1637320,Dome Keeper,Action,17.99,2022,0
1971650,OCTOPATH TRAVELER II,RPG,59.99,2023,0
1096530,Solasta: Crown of the Magister,Adventure,29.99,2021,0
2138710,Sifu,Action,39.99,2023,0
1295500,"Warhammer 40,000: Battlesector",Strategy,39.99,2021,0
1817190,Marvel’s Spider-Man: Miles Morales,Action,49.99,2022,0
1676840,For The King II,Adventure,24.99,2023,0
1611910,"Warhammer 40,000: Chaos Gate - Daemonhunters",RPG,44.99,2022,0
2933130,The Lord of the Rings: Return to Moria™,Adventure,24.99,2024,0
2291060,EARTH DEFENSE FORCE 6,Action,59.99,2024,0
2231450,Pizza Tower,Action,19.99,2023,0
1455840,Dorfromantik,Casual,13.99,2022,0
1084160,Jagged Alliance 3,Action,44.99,2023,0
760160,Vampire: The Masquerade - Bloodhunt,Action,0.0,2022,1
952060,Resident Evil 3,Action,9.99,2020,0
2218750,Halls of Torment,Action,6.66,2024,0
1372110,JoJo's Bizarre Adventure: All-Star Battle R,Action,49.99,2022,0
2064650,Tower of Fantasy,MMO,0.0,2022,1
1282730,Loop Hero,Indie,14.99,2021,0
1433140,The Texas Chain Saw Massacre,Action,19.99,2023,0
1245560,Roots of Pacha,Indie,24.99,2023,0
1128920,EVERSPACE™ 2,Action,19.99,2023,0
1357210,Galactic Civilizations IV,Simulation,49.99,2023,0
1180660,Tell Me Why,Adventure,19.99,2020,0
1127500,Mini Motorways,Casual,9.99,2021,0
418530,Spelunky 2,Action,19.99,2020,0
1693980,Dead Space,Action,17.99,2023,0
493520,GTFO,Action,39.99,2021,0
1785650,TopSpin 2K25,Sports,59.99,2024,0
1071870,Biped,Sports,14.99,2020,0
1583230,High On Life,Action,25.99,2022,0
2315690,WWE 2K24,Sports,29.99,2024,0
2198150,Tiny Glade,Casual,13.49,2024,0
986130,Shadows of Doubt,Action,24.99,2024,0
1268750,Starship Troopers: Extermination,Action,49.99,2024,0
898750,Super Robot Wars 30,RPG,59.99,2021,0
2005010,"Warhammer 40,000: Boltgun",Action,21.99,2023,0
1549970,Aliens: Fireteam Elite,Action,29.99,2021,0
1150440,Aliens: Dark Descent,Action,39.99,2023,0
1545560,Shadow Gambit: The Cursed Crew,Adventure,39.99,2023,0
2840770,Avatar: Frontiers of Pandora™,Action,34.99,2024,0
763890,Wildermyth,Indie,24.99,2021,0
1161580,Hardspace: Shipbreaker,Simulation,34.99,2022,0
2395210,Tony Hawk's™ Pro Skater™ 1 + 2,Sports,39.99,2023,0
2561580,Horizon Zero Dawn™ Remastered,Action,49.99,2024,0
851850,DRAGON BALL Z: KAKAROT,Action,59.99,2020,0
1222700,A Way Out,Action,5.99,2020,0
861650,Session: Skate Sim,Sports,39.99,2022,0
1782120,ZERO Sievert,Action,19.99,2024,0
1135690,Unpacking,Casual,19.99,2021,0
1672970,Minecraft Dungeons,Action,19.99,2021,0
1207650,Suzerain,Adventure,19.99,2020,0
1577120,The Quarry,Adventure,59.99,2022,0
633230,NARUTO TO BORUTO: SHINOBI STRIKER,Action,19.99,2023,0
2478970,Tomb Raider I-III Remastered Starring Lara Croft,Action,29.99,2024,0
1218210,Coromon,Adventure,19.99,2022,0
2187220,Apollo Justice: Ace Attorney Trilogy,Adventure,29.99,2024,0
2853730,Skull and Bones,Action,59.99,2024,0
1681430,RoboCop: Rogue City,Action,49.99,2023,0
2140020,Stronghold: Definitive Edition,Simulation,14.99,2023,0
1692250,F1® 22,Racing,0.0,2022,1
2058190,Lost Judgment,Action,59.99,2022,0
780310,The Riftbreaker,Action,29.99,2021,0
1157390,King Arthur: Knight's Tale,RPG,44.99,2022,0
860510,Little Nightmares II,Adventure,29.99,2021,0
1644320,Railway Empire 2,Simulation,49.99,2023,0
2698940,The Crew Motorfest,Racing,69.99,2024,0
1337520,Risk of Rain Returns,Action,14.99,2023,0
1088850,Marvel's Guardians of the Galaxy,Action,59.99,2021,0
719040,Wasteland 3,RPG,39.99,2020,0
1338770,Sniper Ghost Warrior Contracts 2,Action,39.99,2021,0
1641960,Forever Skies,Action,29.99,2023,0
979690,The Ascent,Action,29.99,2021,0
960990,Beyond: Two Souls,Action,19.99,2020,0
1735700,Back to the Dawn,Adventure,19.99,2023,0
1259980,RIDE 4,Racing,5.99,2020,0
1113560,NieR Replicant™ ver.1.22474487139...,Action,59.99,2021,0
1937500,Let's School,Casual,19.99,2023,0
1262580,Need for Speed™ Payback,Racing,7.49,2020,0
1496790,Gotham Knights,Action,59.99,2022,0
2455640,Romancing SaGa 2: Revenge of the Seven,RPG,49.99,2024,0
1605220,Dune: Spice Wars,Strategy,34.99,2023,0
1321440,Cassette Beasts,Indie,19.99,2023,0
2114740,Blasphemous 2,Action,14.99,2023,0
546560,Half-Life: Alyx,Action,59.99,2020,0
2058180,Judgment,Action,39.99,2022,0
745920,Temtem,MMO,44.99,2022,0
1382330,Persona® 5 Strikers,Action,59.99,2021,0
960910,Heavy Rain,Action,19.99,2020,0
1199030,Tainted Grail: Conquest,Action,19.99,2021,0
1498570,THE KING OF FIGHTERS XV,Action,59.99,2022,0
2239550,Watch Dogs®: Legion,Action,59.99,2023,0
2000890,MechWarrior 5: Clans,Action,49.99,2024,0
874390,The Battle of Polytopia,Action,14.99,2020,0
2401970,Ace Attorney Investigations Collection,Adventure,39.99,2024,0
1089090,ONE PIECE: PIRATE WARRIORS 4,Action,39.99,2020,0
1649080,Two Point Campus,Casual,29.99,2022,0
736820,Knights of Honor II: Sovereign,Simulation,44.99,2022,0
1487210,Super Mega Baseball™ 4,Sports,14.99,2023,0
1451090,Tactics Ogre: Reborn,RPG,49.99,2022,0
1280930,Astral Ascent,Action,24.99,2023,0
990630,The Last Campfire,Adventure,14.99,2021,0
1341290,We Were Here Forever,Adventure,8.99,2022,0
1016920,Unrailed!,Action,19.99,2020,0
740130,Tales of Arise,Action,39.99,2021,0
1369630,ENDER LILIES: Quietus of the Knights,Action,24.99,2021,0
1896700,Wylde Flowers,Adventure,24.99,2022,0
1351080,Pharaoh™: A New Era,Simulation,14.94,2023,0
680420,OUTRIDERS,Action,19.99,2021,0
1062810,Inkbound,RPG,17.99,2024,0
839770,Phoenix Point,RPG,24.99,2020,0
2725260,ENDER MAGNOLIA: Bloom in the Mist,Action,19.99,2024,0
1426450,Age of Darkness: Final Stand,Strategy,27.99,2021,0
1158850,The Great Ace Attorney Chronicles,Adventure,15.99,2021,0
1139900,Ghostrunner,Action,8.99,2020,0
2290180,Riders Republic,MMO,39.99,2023,0
1205970,MX vs ATV Legends,Racing,39.99,2022,0
1253920,Rogue Legacy 2,Action,24.99,2022,0
814370,Monster Sanctuary,Action,7.49,2020,0
1121640,The Wandering Village,Simulation,18.74,2022,0
1147860,UFO 50,Action,24.99,2024,0
2084000,Shogun Showdown,Indie,11.99,2024,0
1202130,Starship Troopers: Terran Command,Strategy,29.99,2022,0
3035570,Assassin's Creed Mirage,Action,49.99,2024,0
2155180,Pioneers of Pagonia,Simulation,29.99,2023,0
788100,Neon Abyss,Action,4.99,2020,0
1522820,Orcs Must Die! 3,Action,29.99,2021,0
1536620,Galactic Glitch,Action,12.99,2024,0
1533420,Neon White,Action,24.99,2022,0
1562700,SANABI,Action,14.99,2023,0
2933080,Crime Boss: Rockay City,Action,13.99,2024,0
1043810,Tactical Breach Wizards,Adventure,19.99,2024,0
315210,Suicide Squad: Kill the Justice League,Action,69.99,2024,0
1448440,Wo Long: Fallen Dynasty,Action,39.99,2023,0
700600,Evil Genius 2: World Domination,Simulation,39.99,2021,0
578650,The Outer Worlds,RPG,29.99,2020,0
1556790,Isonzo,MMO,29.99,2022,0
1931770,Chants of Sennaar,Adventure,19.99,2023,0
835960,The Talos Principle 2,Action,29.99,2023,0
1887840,Another Crab's Treasure,Action,29.99,2024,0
1484280,Demeo,Adventure,39.99,2021,0
257420,Serious Sam 4,Action,39.99,2020,0
1466640,Road 96 🛣️,Action,19.96,2021,0
1237320,Sonic Frontiers,Action,59.99,2022,0
2076010,UNDER NIGHT IN-BIRTH II Sys:Celes,Action,49.99,2024,0
1353230,Bomb Rush Cyberfunk,Action,39.99,2023,0
2996040,Teenage Mutant Ninja Turtles: Splintered Fate,Action,26.99,2024,0
1182900,A Plague Tale: Requiem,Action,49.99,2022,0
1556100,Killer Klowns from Outer Space: The Game,Action,39.99,2024,0
1574580,Strange Horticulture,Adventure,15.99,2022,0
1262560,Need for Speed™ Most Wanted,Racing,4.99,2020,0
1113120,IXION,Indie,34.99,2022,0
1337760,Potion Permit,Action,19.99,2022,0
1531540,Distant Worlds 2,Simulation,49.99,2022,0
1378990,Crash Bandicoot™ 4: It’s About Time,Action,39.99,2022,0
629820,Maneater,Action,39.99,2021,0
1262540,Need for Speed™,Racing,7.49,2020,0
867210,Songs of Conquest,Adventure,34.99,2024,0
2229870,Command & Conquer™ Generals,Action,0.0,2024,1
1164940,Trepang2,Action,19.99,2023,0
1249970,Test Drive Unlimited Solar Crown,MMO,49.99,2024,0
793460,112 Operator,Indie,24.99,2020,0
1277400,Monster Hunter Stories 2: Wings of Ruin,Adventure,29.99,2021,0
1581770,SpellForce: Conquest of Eo,RPG,29.99,2023,0
610370,Desperados III,Strategy,39.99,2020,0
1643310,Dungeons 4,Simulation,49.99,2023,0
1328660,Need for Speed™ Hot Pursuit Remastered,Racing,7.49,2020,0
1041720,Kingdoms of Amalur: Re-Reckoning,Action,39.99,2020,0
1458100,Cozy Grove,Casual,14.99,2021,0
553420,TUNIC,Action,29.99,2022,0
1811990,Wildfrost,Indie,13.99,2023,0
858820,Tribes of Midgard,Action,19.99,2021,0
1684350,The Thaumaturge,Adventure,34.99,2024,0
807120,Iratus: Lord of the Dead,Indie,29.99,2020,0
1658280,Eiyuden Chronicle: Hundred Heroes,Action,32.49,2024,0
1408610,Call of the Wild: The Angler™,Sports,14.99,2022,0
1065310,Evil West,Action,49.99,2022,0
1262350,SIGNALIS,Action,19.99,2022,0
1547890,Let's Build a Zoo,Simulation,7.99,2021,0
1262240,Plants vs. Zombies: Battle for Neighborville™,Action,9.89,2020,0
1658150,Moonstone Island,Adventure,19.99,2023,0
757320,Atomicrops,Action,14.99,2020,0
1805480,Like a Dragon: Ishin!,Action,59.99,2023,0
536270,Ancestors: The Humankind Odyssey,Action,39.99,2020,0
377300,Thunder Tier One,Action,19.99,2021,0
1585180,Drova - Forsaken Kin,Action,24.99,2024,0
1229240,Chained Echoes,Indie,24.99,2022,0
1963570,Cuisineer,Action,17.49,2023,0
1951410,WE ARE FOOTBALL 2024,Sports,24.79,2024,0
1649950,News Tower,Simulation,19.99,2024,0
837470,Untitled Goose Game,Action,19.99,2020,0
2751000,Prince of Persia The Lost Crown,Action,39.99,2024,0
1003590,Tetris® Effect: Connected,Casual,19.99,2021,0
970830,The Dungeon Of Naheulbeuk: The Amulet Of Chaos,Action,34.99,2020,0
1593030,Terra Nil,Casual,24.99,2023,0
933820,Endzone - A World Apart,Indie,4.49,2021,0
656350,UnderMine,Action,19.99,2020,0
1475810,Ghostwire: Tokyo,Action,59.99,2022,0
2230110,Fae Farm,Action,29.99,2023,0
607080,Psychonauts 2,Action,59.99,2021,0
1211630,The Jackbox Party Pack 7,Casual,29.99,2020,0
674140,Bugsnax,Action,24.99,2022,0
1099410,A Total War Saga: TROY,Action,49.99,2021,0
1351240,Taxi Life: A City Driving Simulator,Simulation,29.99,2024,0
1895880,Ratchet & Clank: Rift Apart,Action,59.99,2023,0
1163550,Captain Tsubasa: Rise of New Champions,Sports,9.99,2020,0
826630,Iron Harvest,Strategy,29.99,2020,0
1701520,Afterimage,Action,24.99,2023,0
1740720,Have a Nice Death,Action,24.99,2023,0
1094520,Sands of Salzaar,Adventure,14.99,2021,0
1238820,Battlefield 3™,Action,5.99,2020,0
682990,Drug Dealer Simulator,Action,19.99,2020,0
1574820,Until Then,Adventure,19.99,2024,0
1388590,Yakuza 6: The Song of Life,Action,19.99,2021,0
1850510,TRIANGLE STRATEGY,RPG,59.99,2022,0
1817230,Hi-Fi RUSH,Action,29.99,2023,0
1985820,Call of Duty®: Vanguard,Action,59.99,2023,0
1493640,Banishers: Ghosts of New Eden,Action,49.99,2024,0
482400,System Shock,Action,15.99,2023,0
2172010,Until Dawn™,Adventure,59.99,2024,0
1123770,Curse of the Dead Gods,Action,19.99,2021,0
1649240,Returnal™,Action,59.99,2023,0
1413480,Shin Megami Tensei III Nocturne HD Remaster,RPG,49.99,2021,0
1715130,Crysis Remastered,Action,29.99,2021,0
1656780,Hero's Hour,RPG,17.99,2022,0
2138610,The Legend of Heroes: Trails through Daybreak,Action,47.99,2023,0
1238060,Dead Space™ 3,Action,3.99,2020,0
1382070,Viewfinder,Adventure,24.99,2023,0
1295920,The Mortuary Assistant,Adventure,24.99,2022,0
1020790,NARUTO X BORUTO Ultimate Ninja STORM CONNECTIONS,Action,49.29,2023,0
2703850,Rooftops & Alleys: The Parkour Game,Sports,15.99,2024,0
1222730,STAR WARS™: Squadrons,Action,7.99,2020,0
2287220,F1® Manager 2023,Simulation,54.99,2023,0
1677350,EA SPORTS™ PGA TOUR™,Sports,9.79,2023,0
2375550,Like a Dragon Gaiden: The Man Who Erased His Name,Action,24.99,2023,0
1624540,Storyteller,Adventure,14.99,2023,0
1388880,Doki Doki Literature Club Plus!,Casual,14.99,2021,0
2221920,Immortals Fenyx Rising,Action,39.99,2022,0
1839950,Terminator: Dark Fate - Defiance,Strategy,39.99,2024,0
1983260,Dungeons of Hinterberg,Action,29.99,2024,0
813230,ANIMAL WELL,Action,24.99,2024,0
2052040,Golden Lap,Racing,14.99,2024,0
601840,Griftlands,Indie,19.99,2021,0
1177980,"Little Kitty, Big City",Adventure,17.49,2024,0
1703340,The Stanley Parable: Ultra Deluxe,Adventure,24.99,2022,0
1260520,Patrick's Parabox,Casual,19.99,2022,0
2272900,Mirthwood,RPG,22.49,2024,0
1220140,Cartel Tycoon,Action,29.99,2022,0
1252330,DEATHLOOP,Action,59.99,2021,0
973810,Journey To The Savage Planet,Action,8.99,2021,0
2750080,The Settlers: New Allies,Strategy,59.99,2024,0
987840,Expeditions: Rome,RPG,44.99,2022,0
985890,Streets of Rage 4,Action,9.99,2020,0
1148760,I Was a Teenage Exocolonist,Indie,12.49,2022,0
1179580,KAKU: Ancient Seal,Action,24.99,2024,0
742420,Saints Row,Action,29.99,2023,0
1469610,Last Train Home,Strategy,39.99,2023,0
2369900,Castlevania Dominus Collection,Action,24.99,2024,0
1902690,Fate/Samurai Remnant,Action,59.99,2023,0
1227690,Severed Steel,Action,24.99,2021,0
1128860,Men of War II,Action,44.99,2024,0
2475490,Mouthwashing,Adventure,12.99,2024,0
882100,XCOM®: Chimera Squad,Strategy,19.99,2020,0
803050,Per Aspera,Indie,29.99,2020,0
1874170,Shredders,Sports,29.99,2022,0
1257290,Atelier Ryza 2: Lost Legends & the Secret Fairy,RPG,59.99,2021,0
2477340,Expeditions: A MudRunner Game,Racing,39.99,2024,0
1672500,GUNDAM BREAKER 4,Action,59.99,2024,0
2396240,SteamWorld Heist II,Indie,29.99,2024,0
1049410,Superliminal,Action,19.99,2020,0
1150530,Wizard with a Gun,Action,24.99,2023,0
790710,World of Warplanes,MMO,0.0,2022,1
2144740,Ghostrunner 2,Action,15.99,2023,0
2109370,The Great War: Western Front™,Strategy,34.99,2023,0
2436570,DRAGON QUEST BUILDERS,Action,27.99,2024,0
2296990,We Were Here Expeditions: The FriendShip,Adventure,1.99,2023,0
1702330,Rune Factory 5,Adventure,15.99,2022,0
1587130,Blood West,Action,24.99,2023,0
1590910,Forgive Me Father,Action,19.99,2022,0
900040,ELEX II,Action,49.99,2022,0
1944430,Amnesia: The Bunker,Action,24.99,2023,0
774181,Rhythm Doctor,Indie,14.39,2021,0
1276760,DRAGON BALL: THE BREAKERS,Action,19.99,2022,0
1608070,CRISIS CORE –FINAL FANTASY VII– REUNION,Action,49.99,2022,0
1580240,Rune Factory 4 Special,RPG,8.99,2021,0
1602010,Persona 4 Arena Ultimax,Action,29.99,2022,0
1040230,Curious Expedition 2,Adventure,19.99,2021,0
1374840,Dark Deity,Adventure,24.99,2021,0
775500,SCARLET NEXUS,Action,59.99,2021,0
758870,Kynseed,Adventure,24.99,2022,0
978300,Saints Row®: The Third™ Remastered,Action,29.99,2021,0
2603020,Citadelum,Indie,24.99,2024,0
1274600,The Last Faith,Action,27.99,2023,0
1939970,Nobody Wants to Die,Adventure,24.99,2024,0
2008920,Lorelei and the Laser Eyes,Adventure,24.99,2024,0
1307710,GRID Legends,Racing,11.99,2022,0
1237980,STAR WARS™ Battlefront,Action,4.99,2020,0
1818750,MultiVersus,Action,0.0,2022,1
1874490,Potionomics,Indie,19.99,2022,0
1024650,Port Royale 4,Simulation,39.99,2020,0
918570,Century: Age of Ashes,Racing,0.0,2021,1
894020,Death's Door,Action,19.99,2021,0
969990,SpongeBob SquarePants: Battle for Bikini Bottom - Rehydrated,Action,29.99,2020,0
1358700,STRANGER OF PARADISE FINAL FANTASY ORIGIN,Action,39.99,2023,0
1796220,Laika: Aged Through Blood,Action,19.99,2023,0
1677770,The Case of the Golden Idol,Adventure,17.99,2022,0
874260,The Forgotten City,Adventure,24.99,2021,0
1434950,HighFleet,Action,19.49,2021,0
936790,Life is Strange: True Colors,Action,59.99,2021,0
1515210,The Past Within,Adventure,5.99,2022,0
1202200,Paleo Pines,Adventure,29.99,2023,0
1361510,Teenage Mutant Ninja Turtles: Shredder's Revenge,Action,16.24,2022,0
604540,Empire of Sin,RPG,39.99,2020,0
2634890,MARVEL vs. CAPCOM Fighting Collection: Arcade Classics,Action,49.99,2024,0
1712350,Riven,Adventure,34.99,2024,0
907650,Stronghold: Warlords,Simulation,39.99,2021,0
1760250,Madden NFL 23,Sports,0.0,2022,1
893850,THE LONGING,Adventure,11.24,2020,0
1668510,The Legend of Heroes: Trails from Zero,RPG,27.99,2022,0
1227530,Partisans 1941,Indie,29.99,2020,0
981430,Gordian Quest,Adventure,19.99,2022,0
897450,The Survivalists,Action,24.99,2020,0
2380050,Star Trucker,Simulation,19.99,2024,0
1623070,Master of Magic,Indie,39.99,2022,0
977880,Eastward,Action,24.99,2021,0
1422440,Cataclismo,Simulation,29.99,2024,0
1480560,Lawn Mowing Simulator,Simulation,19.99,2021,0
2272250,Forgive Me Father 2,Action,24.99,2024,0
1276790,Ruined King: A League of Legends Story™,Indie,29.99,2021,0
1225570,Unravel Two,Action,4.99,2020,0
1544020,The Callisto Protocol™,Action,59.99,2022,0
2067050,Squirrel with a Gun,Action,19.99,2024,0
1599660,Sackboy™: A Big Adventure,Adventure,59.99,2022,0
1061910,Metal: Hellsinger,Action,9.89,2022,0
1069160,SKALD: Against the Black Priory,Indie,11.99,2024,0
2638370,Five Nights at Freddy's: Into the Pit,Action,19.99,2024,0
1184050,Gears Tactics,Strategy,29.99,2020,0
1178830,Bright Memory: Infinite,Action,19.99,2021,0
550320,art of rally,Racing,24.99,2020,0
1030210,Torchlight III,Action,39.99,2020,0
1281590,The Dark Pictures Anthology: House of Ashes,Adventure,29.99,2021,0
2021880,Ara: History Untold,Strategy,59.99,2024,0
2527390,Dead Rising Deluxe Remaster,Action,49.99,2024,0
953490,CARRION,Action,19.99,2020,0
1954200,Kena: Bridge of Spirits,Action,39.99,2022,0
1076200,Roguebook,Adventure,24.99,2021,0
1794960,Sonic Origins,Action,29.99,2022,0
1716120,Monster Rancher 1 & 2 DX,RPG,29.99,2021,0
1268590,Millennia,Simulation,39.99,2024,0
2356560,Monster Hunter Stories,RPG,23.99,2024,0
1436700,Trine 5: A Clockwork Conspiracy,Action,29.99,2023,0
1262600,Need for Speed™ Rivals,Racing,9.99,2020,0
1446650,BRAVELY DEFAULT II,Adventure,59.99,2021,0
1386780,City of Gangsters,Simulation,29.99,2021,0
1755910,Capcom Arcade 2nd Stadium,Action,0.0,2022,1
1668540,The Legend of Heroes: Trails into Reverie,RPG,38.99,2023,0
1556200,Predator: Hunting Grounds,Action,19.99,2021,0
2637990,Duck Detective: The Secret Salami,Adventure,9.99,2024,0
1771980,The Operator,Adventure,11.89,2024,0
1582650,Caravan SandWitch,Adventure,24.99,2024,0
1136370,Bear and Breakfast,Adventure,19.99,2022,0
1668520,The Legend of Heroes: Trails to Azure,RPG,39.99,2023,0
1272160,The Life and Suffering of Sir Brante,Adventure,19.99,2021,0
1340480,The Cosmic Wheel Sisterhood,Adventure,8.99,2023,0
1170080,Foretales,Adventure,19.99,2022,0
1552350,The Jackbox Party Pack 8,Casual,29.99,2021,0
1233570,Mirror's Edge™ Catalyst,Action,4.99,2020,0
988910,Super Mega Baseball 3,Sports,44.99,2020,0
1205520,Pentiment,Adventure,19.99,2022,0
1283410,Tails of Iron,Action,24.99,2021,0
750130,The Sinking City,Action,39.99,2021,0
1567020,The Dark Pictures Anthology: The Devil in Me,Adventure,39.99,2022,0
2071500,Islands of Insight,Adventure,29.99,2024,0
1194630,The Dark Pictures Anthology: Little Hope,Adventure,19.99,2020,0
956030,Creaks,Adventure,4.99,2020,0
1937780,Total War: PHARAOH,Action,39.99,2023,0
1675830,1000xRESIST,Adventure,15.99,2024,0
738520,Breathedge,Action,24.99,2021,0
1939160,Shadows Over Loathing,Adventure,22.99,2022,0
1356670,Sakuna: Of Rice and Ruin,Action,14.99,2020,0
1967430,Ghost Trick: Phantom Detective,Action,14.99,2023,0
1395030,Kathy Rain: Director's Cut,Adventure,14.99,2021,0
597820,BIOMUTANT,Action,39.99,2021,0
2741560,SimCity™ 3000 Unlimited,Casual,2.49,2024,0
895620,Spellcaster University,Simulation,24.99,2021,0
1578650,Citizen Sleeper,Adventure,19.99,2022,0
1812090,Escape Academy,Adventure,19.99,2022,0
1140270,Monster Prom 2: Monster Camp,Indie,11.99,2020,0
466630,The Pedestrian,Adventure,19.99,2020,0
2012510,Stormgate,Action,0.0,2024,1
1115690,"Yes, Your Grace",Adventure,4.99,2020,0
1355090,RAILGRADE,Simulation,29.99,2023,0
1123050,GRIME,Action,24.99,2021,0
1874000,Life is Strange: Double Exposure,Action,49.99,2024,0
1282150,SpongeBob SquarePants: The Cosmic Shake,Action,39.99,2023,0
2370170,EARTH DEFENSE FORCE: WORLD BROTHERS 2,Action,49.99,2024,0
2510710,Kunitsu-Gami: Path of the Goddess,Action,49.99,2024,0
1240210,There Is No Game: Wrong Dimension,Adventure,12.99,2020,0
1147550,Not For Broadcast,Adventure,24.99,2022,0
2446550,STAR WARS™: Battlefront Classic Collection,Action,35.01,2024,0
2111190,MULLET MADJACK,Action,19.99,2024,0
2238900,STAR OCEAN THE SECOND STORY R,Action,49.99,2023,0
1137300,Sherlock Holmes Chapter One,Action,44.99,2021,0
2445990,Bloomtown: A Different Story,Adventure,24.99,2024,0
1291340,Townscaper,Casual,5.99,2021,0
690040,SUPERHOT: MIND CONTROL DELETE,Action,24.99,2020,0
1570010,FAR: Changing Tides,Action,19.99,2022,0
1354830,Cat Cafe Manager,Indie,19.99,2022,0
1840080,Homeworld 3,Simulation,59.99,2024,0
998740,Ring of Pain,Indie,19.99,2020,0
1222370,Necromunda: Hired Gun,Action,39.99,2021,0
1004750,WRC 8 FIA World Rally Championship,Racing,29.99,2020,0
1451810,LEGO® 2K Drive,Racing,29.99,2023,0
2230650,TEVI,Action,29.99,2023,0
1622910,Still Wakes the Deep,Action,34.99,2024,0
1622900,Star Trek: Infinite,Adventure,29.99,2023,0
1238880,Battlefield™ Hardline,Action,5.99,2020,0
1766740,Choo-Choo Charles,Action,19.99,2022,0
1100410,Commandos 2 - HD Remaster,Strategy,19.99,2020,0
2195410,Songs of Silence,Indie,39.99,2024,0
2111170,STORY OF SEASONS: A Wonderful Life,Casual,19.99,2023,0
1590760,Metal Slug Tactics,Action,22.49,2024,0
1816300,HARVESTELLA,Action,59.99,2022,0
1072500,AO Tennis 2,Sports,49.99,2020,0
1271100,Deadly Premonition 2: A Blessing in Disguise,Action,39.99,2022,0
924980,Trials of Mana,RPG,49.99,2020,0
1335790,Operation: Tango,Adventure,8.99,2021,0
1540210,Arizona Sunshine® 2,Action,39.99,2023,0
1998340,Labyrinth of Galleria: The Moon Society,RPG,49.99,2023,0
424370,Wolcen: Lords of Mayhem,Action,29.99,2020,0
1585220,Melatonin,Action,14.99,2022,0
1644940,Loddlenaut,Adventure,19.99,2023,0
1135300,King's Bounty II,Adventure,39.99,2021,0
1792250,Serious Sam: Siberian Mayhem,Action,19.99,2022,0
1283400,Steelrising,Action,49.99,2022,0
1287840,Disciples: Liberation,RPG,39.99,2021,0
824600,HROT,Action,19.99,2023,0
2305840,Cat Quest III,Action,19.99,2024,0
2878600,Harry Potter: Quidditch Champions,Sports,29.99,2024,0
921800,Encased: A Sci-Fi Post-Apocalyptic RPG,Adventure,29.99,2021,0
1029210,30XX,Action,19.99,2023,0
2490990,Visions of Mana,Action,59.99,2024,0
751630,After the Fall®,Action,29.99,2021,0
1266700,Destroy All Humans! 2 - Reprobed,Action,39.99,2022,0
1328350,Turbo Overkill,Action,24.99,2023,0
798490,Othercide,Indie,29.99,2020,0
553540,Phantom Brigade,Indie,29.99,2023,0
2085000,SaGa Emerald Beyond,RPG,49.99,2024,0
1432050,Nobody Saves the World,Action,9.99,2022,0
1133760,CHRONO CROSS: THE RADICAL DREAMERS EDITION,Adventure,19.99,2022,0
850320,PHOGS!,Adventure,24.99,2020,0
1619520,Cross Blitz,Adventure,13.39,2023,0
651670,Star Renegades,Action,24.99,2020,0
2379390,Tom Clancy’s Rainbow Six® Extraction,Action,9.99,2023,0
2223840,The Casting of Frank Stone™,Adventure,39.99,2024,0
1392960,STORY OF SEASONS: Pioneers of Olive Town,Casual,13.99,2021,0
916840,The Walking Dead: Saints & Sinners,Action,39.99,2020,0
2021210,DRAGON QUEST TREASURES,Action,49.99,2023,0
2719200,SAMURAI WARRIORS 4 DX,Action,49.99,2024,0
1097200,Twelve Minutes,Adventure,24.99,2021,0
1167750,The Lamplighters League,Adventure,49.99,2023,0
958400,Project CARS 3,Racing,59.99,2020,0
1938010,WILD HEARTS™,Action,17.49,2023,0
1977170,Jusant,Action,14.99,2023,0
1898290,LEGO® Bricktales,Adventure,29.99,2022,0
1999770,Atelier Ryza 3: Alchemist of the End & the Secret Key,Adventure,59.99,2023,0
1956040,Kingdom Eighties,Action,11.99,2023,0
2366980,Thank Goodness You're Here!,Adventure,15.99,2024,0
1419160,Souldiers,Action,19.99,2022,0
2481020,Vampire Therapist,Indie,14.99,2024,0
1522160,Disney Epic Mickey: Rebrushed,Action,59.99,2024,0
1610440,Minds Beneath Us,Adventure,17.99,2024,0
964800,Prodeus,Action,24.99,2022,0
1097130,Circuit Superstars,Racing,19.99,2023,0
1903620,Killer Frequency,Adventure,8.49,2023,0
1978590,Anger Foot,Action,17.49,2024,0
914800,Coffee Talk,Adventure,6.49,2020,0
1138660,Black Book,Adventure,24.99,2021,0
1634860,Minishoot' Adventures,Action,14.99,2024,0
1574240,Dread Delusion,Action,19.99,2024,0
1920480,River City Girls 2,Action,39.99,2022,0
1196470,WE ARE FOOTBALL,Sports,24.99,2021,0
465200,Fury Unleashed,Action,19.99,2020,0
594330,Visage,Action,34.99,2020,0
1286350,BPM: BULLETS PER MINUTE,Action,19.99,2020,0
1203710,UnMetal,Action,19.99,2021,0
1289380,Sheltered 2,Indie,19.99,2021,0
2243710,Rune Factory 3 Special,Casual,15.99,2023,0
2386310,Ultros,Adventure,12.49,2024,0
1038250,DIRT 5,Racing,11.99,2020,0
1037020,ScourgeBringer,Action,16.99,2020,0
2102450,Enotria: The Last Song,Action,39.99,2024,0
1449200,AI: THE SOMNIUM FILES - nirvanA Initiative,Adventure,59.99,2022,0
1082430,Before Your Eyes,Adventure,9.99,2021,0
913740,WORLD OF HORROR,Indie,19.99,2023,0
2229560,Zet Zillions,Strategy,6.99,2024,0
1580520,Lost Eidolons,Casual,34.99,2022,0
1205450,Turnip Boy Commits Tax Evasion,Action,14.99,2021,0
768520,Red Solstice 2: Survivors,RPG,13.49,2021,0
803330,Destroy All Humans!,Action,29.99,2020,0
1343240,Thymesia,Action,9.99,2022,0
1981570,Land of the Vikings,Strategy,25.99,2023,0
1042490,Call of the Sea,Adventure,19.99,2020,0
1167450,DAEMON X MACHINA,Action,19.99,2020,0
731040,The Invincible,Action,29.99,2023,0
814000,ONE PIECE ODYSSEY,Action,59.99,2023,0
960690,One Step From Eden,Action,19.99,2020,0
1876590,I Am Your Beast,Action,19.99,2024,0
1368030,ANNO: Mutationem,Action,24.99,2022,0
1368870,Field of Glory II: Medieval,Simulation,29.99,2021,0
1082180,TT Isle of Man: Ride on the Edge 2,Racing,29.99,2020,0
1462570,Lost in Random™,Action,7.49,2021,0
1496590,Tchia,Action,17.49,2024,0
1271700,HOT WHEELS UNLEASHED™,Racing,39.99,2021,0
707030,POSTAL 4: No Regerts,Action,39.99,2022,0
1904860,Legends of Kingdom Rush,Indie,14.99,2022,0
2215260,Scott Pilgrim vs. The World™: The Game – Complete Edition,Action,14.99,2023,0
1519090,Welcome to ParadiZe,Action,29.99,2024,0
2216830,The Jackbox Party Pack 10,Casual,29.99,2023,0
1310410,Alone in the Dark,Action,59.99,2024,0
1517970,Aeterna Noctis,Action,7.49,2021,0
2060130,Return to Monkey Island,Adventure,12.49,2022,0
841190,"Honey, I Joined a Cult",Casual,7.47,2022,0
1239520,Madden NFL 21,Sports,0.0,2020,1
698670,Scorn,Action,12.49,2022,0
1179210,Kill It With Fire,Action,12.99,2020,0
811320,Jupiter Hell,Indie,24.99,2021,0
2134770,SteamWorld Build,Simulation,24.99,2023,0
1685750,Capcom Fighting Collection,Action,15.99,2022,0
1282410,Hard West 2,Action,29.99,2022,0
2076140,Tavern Talk,Adventure,14.39,2024,0
2739830,King Arthur: Legion IX,RPG,19.99,2024,0
1158370,Aragami 2,Action,34.99,2021,0
1155970,Roadwarden,Adventure,10.99,2022,0
871980,Digimon Survive,RPG,59.99,2022,0
1073910,Before We Leave,Casual,19.99,2021,0
1138850,Heavenly Bodies,Action,19.99,2021,0
628670,Hellpoint,Action,34.99,2020,0
1229380,Everhood,Action,9.99,2021,0
1731070,Asterigos: Curse of the Stars,Action,34.99,2022,0
2233120,A Quiet Place: The Road Ahead,Action,29.99,2024,0
1425350,Botany Manor,Adventure,24.99,2024,0
1058450,MY HERO ONE'S JUSTICE 2,Action,39.99,2020,0
1357860,Fuga: Melodies of Steel,RPG,39.99,2021,0
1622350,Copycat,Adventure,11.99,2024,0
1749750,Disgaea 6 Complete,RPG,59.99,2022,0
757310,Sable,Adventure,24.99,2021,0
1885110,Cryptmaster,Adventure,24.99,2024,0
2420660,Neva,Adventure,19.99,2024,0
1306630,Lost Ruins,Action,19.99,2021,0
1621310,Atelier Sophie 2: The Alchemist of the Mysterious Dream,RPG,59.99,2022,0
1402120,9 Years of Shadows,Action,19.99,2023,0
1153640,Chorus,Action,24.99,2021,0
1213700,Spirit of the North,Adventure,19.99,2020,0
1472660,No Place Like Home,Adventure,19.99,2022,0
473950,Manifold Garden,Adventure,19.99,2020,0
1931010,Spirittea,Adventure,13.99,2023,0
1859470,PAC-MAN WORLD Re-PAC,Action,29.99,2022,0
1406850,The Legend of Tianding,Action,19.99,2021,0
2292260,STAR WARS™: Dark Forces Remaster,Action,29.99,2024,0
1844380,Warhammer Age of Sigmar: Realms of Ruin,Action,59.99,2023,0
2014550,Voidwrought,Action,19.99,2024,0
2461850,Senua’s Saga: Hellblade II,Action,49.99,2024,0
1195290,Moncage,Adventure,14.99,2021,0
1663220,Coffee Talk Episode 2: Hibiscus & Butterfly,Adventure,10.49,2023,0
1649010,Miasma Chronicles,Action,34.99,2023,0
1367590,Tormented Souls,Action,19.99,2021,0
957960,Inkulinati,Indie,24.99,2024,0
1416050,Shovel Knight Dig,Action,24.99,2022,0
1249040,American Arcadia,Adventure,12.99,2023,0
1347780,Freedom Fighters,Action,0.0,2020,1
1154810,Going Under,Action,4.99,2020,0
1118240,Lake,Adventure,7.99,2021,0
1087760,The Gunk,Action,24.99,2022,0
1046400,Astalon: Tears of the Earth,Action,19.99,2021,0
1832040,Flintlock: The Siege of Dawn,Action,31.49,2024,0
566440,Necromunda: Underhive Wars,Action,19.99,2020,0
978520,Legend of Keepers: Career of a Dungeon Manager,Indie,19.99,2021,0
746850,Cloudpunk,Adventure,6.99,2020,0
1777620,Soul Hackers 2,RPG,59.99,2022,0
1840800,Headquarters: World War II,Simulation,25.99,2024,0
1119980,In Sound Mind,Action,34.99,2021,0
787810,Rogue Heroes: Ruins of Tasos,Action,19.99,2021,0
1608640,OTXO,Action,14.99,2023,0
1013140,Outcast - A New Beginning,Action,39.99,2024,0
1328840,Lost in Play,Adventure,7.99,2022,0
1730590,The Entropy Centre,Adventure,19.99,2022,0
1497440,COCOON,Adventure,24.99,2023,0
1337010,Alba: A Wildlife Adventure,Adventure,4.24,2020,0
1286990,CONSCRIPT,Action,15.59,2024,0
1388870,Arcade Paradise,Adventure,19.99,2022,0
999220,Amnesia: Rebirth,Adventure,29.99,2020,0
1449280,Ghostbusters: The Video Game Remastered,Action,24.99,2020,0
1849900,Among Us VR,Casual,9.99,2022,0
2051120,HOT WHEELS UNLEASHED™ 2 - Turbocharged,Racing,49.99,2023,0
1089830,Monster Energy Supercross - The Official Videogame 3,Racing,24.99,2020,0
1295270,SaGa Frontier Remastered,RPG,24.99,2021,0
2731870,Ys X: Nordics,Action,59.99,2024,0
1324340,Made in Abyss: Binary Star Falling into Darkness,Action,59.99,2022,0
1979440,SAND LAND,Action,59.99,2024,0
785790,WHAT THE GOLF?,Action,6.79,2020,0
1062830,Embr,Action,19.99,2021,0
1456760,ROBOBEAT,Action,19.99,2024,0
1641700,Moving Out 2,Action,29.99,2023,0
1599020,Tinykin,Action,24.99,2022,0
1893810,Solium Infernum,Indie,39.99,2024,0
1341820,As Dusk Falls,Adventure,29.99,2022,0
1101190,Dungeon Defenders: Awakened,Action,29.99,2020,0
1209490,Exit the Gungeon,Action,9.99,2020,0
1201270,A Space for the Unbound,Adventure,19.99,2023,0
996770,Moving Out,Action,4.99,2020,0
1000010,Crown Trick,Adventure,19.99,2020,0
1009290,SWORD ART ONLINE Alicization Lycoris,Action,9.59,2020,0
1155330,Showgunners,Other,29.99,2023,0
1493750,Evil Dead: The Game,Action,29.99,2023,0
1134100,Frozenheim,Simulation,19.99,2022,0
2803280,Dragon Is Dead,Action,17.99,2024,0
2717880,The Rogue Prince of Persia,Action,19.99,2024,0
2379910,Dystopika,Casual,5.59,2024,0
1013220,River City Saga: Three Kingdoms,Action,29.99,2022,0
2254740,Persona 5 Tactica,RPG,59.99,2023,0
1294810,Redfall,Action,39.99,2023,0
1574260,My Friendly Neighborhood,Action,29.99,2023,0
1112890,Calico,Casual,11.99,2020,0
760650,Hammerting,Adventure,2.49,2021,0
1602080,Soulstice,Action,39.99,2022,0
1898500,Worldless,Action,19.99,2023,0
1286320,Exoprimal,Action,19.79,2023,0
1191630,Shantae and the Seven Sirens,Adventure,29.99,2020,0
1812370,Little Goody Two Shoes,Adventure,19.99,2023,0
1669420,Islets,Action,9.99,2022,0
2394650,Crypt Custodian,Adventure,19.99,2024,0
1931730,Fort Solis,Adventure,24.99,2023,0
1069690,Rogue Lords,RPG,24.99,2021,0
1647550,NEO: The World Ends with You,Action,59.99,2022,0
1627570,The Plucky Squire,Adventure,29.99,2024,0
2081080,Capes,Indie,39.99,2024,0
2217580,New Star GP,Racing,29.99,2024,0
1182620,Impostor Factory,Adventure,9.99,2021,0
1680880,Forspoken,Action,69.99,2023,0
2017080,Nickelodeon All-Star Brawl 2,Action,19.99,2023,0
1532690,BLACKTAIL,Action,29.99,2022,0
1654660,En Garde!,Action,19.99,2023,0
1413870,Shadow Man Remastered,Action,19.99,2021,0
1904790,Agatha Christie - Murder on the Orient Express,Action,15.99,2023,0
1051690,Nightmare Reaper,Action,24.99,2022,0
515960,Martha Is Dead,Adventure,29.99,2022,0
1420290,No More Heroes,Action,9.99,2021,0
226620,Desktop Dungeons,Adventure,14.99,2023,0
2694420,KILL KNIGHT,Action,14.99,2024,0
1414850,Nickelodeon All-Star Brawl,Action,49.99,2021,0
1437400,Salt and Sacrifice,Action,19.99,2023,0
1996430,Dicefolk,Casual,14.99,2024,0
1116580,Shady Part of Me,Indie,14.99,2020,0
1670870,MADiSON,Action,34.99,2022,0
1410640,Syberia: The World Before,Adventure,39.99,2022,0
1402110,Eternights,Action,29.99,2023,0
2287330,Empire of the Ants,Strategy,39.99,2024,0
1272840,Dordogne,Adventure,14.99,2023,0
1345890,Deliver Us Mars,Action,29.99,2023,0
2106840,PARANORMASIGHT: The Seven Mysteries of Honjo,Adventure,11.99,2023,0
1040420,Dreamscaper,Action,24.99,2021,0
1341200,DYNASTY WARRIORS 9 Empires,Action,59.99,2021,0
2085370,Classified: France '44,RPG,24.99,2024,0
1330470,F.I.S.T.: Forged In Shadow Torch,Sports,10.49,2021,0
2272400,Station to Station,Casual,17.99,2023,0
2494780,#DRIVE Rally,Racing,19.99,2024,0
919360,Alaloth: Champions of The Four Kingdoms,Action,34.99,2022,0
1928870,Minecraft Legends,Action,39.99,2023,0
1743850,HYPER DEMON,Action,14.99,2022,0
754890,Firmament,Adventure,34.99,2023,0
1676130,Deadlink,Action,24.99,2023,0
1380420,Grow: Song of the Evertree,Action,9.99,2021,0
1045720,The Coma 2: Vicious Sisters,Action,14.99,2020,0
1436590,Phoenotopia: Awakening,Action,19.99,2021,0
983970,Haven,Adventure,24.99,2020,0
1371720,Card Shark,Adventure,7.99,2022,0
1206060,Happy Game,Adventure,3.93,2021,0
1062140,Garden Story,Adventure,19.99,2021,0
1552810,Twin Mirror,Adventure,7.49,2021,0
1967260,Double Dragon Gaiden: Rise Of The Dragons,Action,24.99,2023,0
1949030,Sherlock Holmes The Awakened,Adventure,39.99,2023,0
1196090,Scars Above,Action,29.99,2023,0
2009100,Immortals of Aveum™,Action,14.99,2023,0
1485590,ENDLESS™ Dungeon,Action,19.99,2023,0
1225560,Unravel,Action,4.99,2020,0
2213300,Might & Magic: Clash of Heroes - Definitive Edition,Adventure,10.79,2023,0
981890,Olympic Games Tokyo 2020 – The Official Video Game™,Sports,39.99,2021,0
1299510,Vampire: The Masquerade – Swansong,Adventure,49.99,2023,0
1766100,The Last Hero of Nostalgaia,Action,24.99,2022,0
1497950,EARTH DEFENSE FORCE: WORLD BROTHERS,Action,39.99,2021,0
1920780,Stray Gods: The Roleplaying Musical,Adventure,20.99,2023,0
1996010,Crow Country,Action,19.99,2024,0
1492680,The Pathless,Action,39.99,2021,0
1975440,Under The Waves,Adventure,29.99,2023,0
1889740,Paper Trail,Adventure,19.99,2024,0
1038370,Trials of Fire,Indie,19.99,2021,0
1123450,Chicory: A Colorful Tale,Adventure,19.99,2021,0
1429850,Sumerian Six,Action,29.99,2024,0
1282690,Crysis® 3,Action,0.0,2020,1
795420,The Darkside Detective: A Fumble in the Dark,Adventure,14.99,2021,0
945770,Dark Envoy,RPG,14.99,2023,0
1110910,Mortal Shell,Action,29.99,2021,0
2653940,Star Trek: Resurgence,Adventure,24.99,2024,0
1413660,Elderand,Action,19.99,2023,0
729000,Wytchwood,Adventure,19.99,2021,0
1591530,SAMURAI WARRIORS 5,Action,59.99,2021,0
982290,Airborne Kingdom,Adventure,24.99,2022,0
674930,Boyfriend Dungeon,Indie,9.99,2021,0
1242980,KeyWe,Casual,8.49,2021,0
1000410,WRATH: Aeon of Ruin,Action,24.99,2024,0
1799930,Redout 2,Racing,19.99,2022,0
1311510,Embracelet,Adventure,12.99,2020,0
1158890,White Shadows,Action,19.99,2021,0
2123640,Hollowbody,Adventure,16.99,2024,0
1190170,OlliOlli World,Sports,19.99,2022,0
1432100,The Bookwalker: Thief of Tales,Adventure,14.99,2023,0
1108590,Eldest Souls,Action,19.99,2021,0
1314000,Achilles: Legends Untold,Action,13.74,2023,0
1553000,War Hospital,Strategy,29.99,2024,0
1658290,Eiyuden Chronicle: Rising,Action,4.49,2022,0
2059660,Cavern of Dreams,Action,12.99,2023,0
2398170,BORE BLASTERS,Action,9.99,2024,0
2006140,Withering Rooms,Action,24.99,2024,0
1924360,Lil' Guardsman,Adventure,13.99,2024,0
1937620,Tennis Manager 2022,Racing,9.99,2022,0
2060590,Wilmot Works It Out,Casual,14.99,2024,0
1157220,Nebuchadnezzar,Indie,19.99,2021,0
2304640,Hidden Through Time 2: Myths & Magic,Casual,12.99,2023,0
1608230,Planet of Lana,Action,19.99,2023,0
824550,SD GUNDAM BATTLE ALLIANCE,Action,59.99,2022,0
1390410,Midnight Fight Express,Action,19.99,2022,0
1783360,Meg's Monster,Adventure,14.99,2023,0
720560,Vigil: The Longest Night,Action,21.99,2020,0
1194810,Meet Your Maker,Action,19.99,2023,0
2001340,Fuga: Melodies of Steel 2,RPG,39.99,2023,0
1285670,Post Void,Action,2.99,2020,0
1160220,Paradise Killer,Adventure,19.99,2020,0
2014380,LIVE A LIVE,Adventure,49.99,2023,0
826940,Maid of Sker,Action,24.99,2020,0
1638230,Xuan-Yuan Sword: Mists Beyond the Mountains,RPG,6.99,2023,0
1135910,Hunting Simulator 2,Sports,39.99,2020,0
1182310,The Excavation of Hob's Barrow,Adventure,14.99,2022,0
1283230,Autopsy Simulator,Indie,24.99,2024,0
1373960,INDIKA,Adventure,24.99,2024,0
1108000,Children of Silentown,Adventure,19.99,2023,0
1235100,"Rolling Hills: Make Sushi, Make Friends",Adventure,14.99,2024,0
1231990,Gestalt: Steam & Cinder,Action,19.99,2024,0
1244950,Battletoads,Action,19.99,2020,0
1046790,Eternal Threads,Adventure,19.99,2022,0
1227780,Taur,Action,24.99,2020,0
1137350,Filament,Indie,16.99,2020,0
1913210,AEW: Fight Forever,Sports,39.99,2023,0
1309950,Children of the Sun,Action,14.99,2024,0
1279630,Vampire: The Masquerade - Shadows of New York,Indie,12.99,2020,0
1759380,Bandle Tale: A League of Legends Story,RPG,24.99,2024,0
1046300,Pirates Outlaws,Adventure,19.99,2020,0
1037130,Dandy Ace,Action,19.99,2021,0
1889930,Baldur's Gate: Dark Alliance II,Action,29.99,2022,0
1867510,WrestleQuest,Adventure,29.99,2023,0
1776380,STAR OCEAN THE DIVINE FORCE,Action,59.99,2022,0
2378620,Anomaly Agent,Action,5.99,2024,0
1574310,OXENFREE II: Lost Signals,Adventure,19.99,2023,0
1607240,Mail Time,Adventure,19.99,2023,0
269190,Edge Of Eternity,Action,29.99,2021,0
1454970,New Tales from the Borderlands,Adventure,39.99,2022,0
2095340,Road 96: Mile 0,Action,12.96,2023,0
1660840,Wild Bastards,Action,34.99,2024,0
1386900,Observer: System Redux,Adventure,29.99,2020,0
1747760,Momodora: Moonlit Farewell,Action,16.99,2024,0
1298140,Fobia - St. Dinfna Hotel,Indie,29.99,2022,0
962580,Summer in Mara,Adventure,19.99,2020,0
593150,Ooblets,Adventure,23.99,2023,0
1069530,Narita Boy,Adventure,2.49,2021,0
1710540,Fall of Porcupine,Adventure,19.99,2023,0
1866180,Hooked on You: A Dead by Daylight Dating Sim™,Casual,9.99,2022,0
1839940,Dakar Desert Rally,Racing,14.99,2022,0
1003090,Through the Darkest of Times,Adventure,14.99,2020,0
1221250,NORCO,Adventure,14.99,2022,0
1334730,Dread Templar,Action,19.99,2023,0
1491670,Venba,Other,7.49,2023,0
1186640,Pumpkin Jack,Action,29.99,2020,0
1257360,Bloodstained: Curse of the Moon 2,Action,14.99,2020,0
1823930,Wavetale,Adventure,29.99,2022,0
2366970,Arco,Action,19.99,2024,0
1546310,"El Paso, Elsewhere",Action,19.99,2023,0
1634150,Behind the Frame: The Finest Scenery,Adventure,12.99,2021,0
1446350,You Will Die Here Tonight,Action,19.99,2023,0
1299690,Gori: Cuddly Carnage,Action,21.99,2024,0
2544110,Broken Sword - Shadow of the Templars: Reforged,Adventure,25.49,2024,0
1233260,FAIRY TAIL,Action,59.99,2020,0
1477940,Unknown 9: Awakening,Action,49.99,2024,0
824000,Hokko Life,Adventure,3.99,2022,0
2097230,Turnip Boy Robs a Bank,Action,14.99,2024,0
1373430,Leisure Suit Larry - Wet Dreams Dry Twice,Adventure,34.99,2020,0
1122120,STATIONflow,Simulation,17.99,2020,0
865680,The Eternal Cylinder,Action,24.99,2022,0
1457080,The Mageseeker: A League of Legends Story™,Action,29.99,2023,0
2737300,Parking Garage Rally Circuit,Racing,9.99,2024,0
598550,HUNTDOWN,Action,19.99,2021,0
2313020,Umamusume: Pretty Derby – Party Dash,Action,44.99,2024,0
1140290,Murder by Numbers,Adventure,14.99,2020,0
1296360,Archvale,Action,14.99,2021,0
1955230,Penny’s Big Breakaway,Adventure,29.99,2024,0
1577250,The Chant,Action,24.99,2022,0
1421490,Rise of the Triad: Ludicrous Edition,Action,19.99,2023,0
910830,Rebel Galaxy Outlaw,Action,29.99,2020,0
2633500,Dragon Throne: Battle of Red Cliffs,RPG,9.99,2024,0
1472930,Flock,Adventure,19.99,2024,0
1229580,Disc Room,Action,14.99,2020,0
1921480,#BLUD,Action,24.99,2024,0
1538970,Hammerwatch II,Action,24.99,2023,0
1173220,Bleak Faith: Forsaken,Action,29.99,2023,0
1265780,The Lord of the Rings: Gollum™,Action,49.99,2023,0
1843310,Funko Fusion,Action,34.99,2024,0
866140,Arise: A Simple Story,Adventure,19.99,2020,0
1232460,Onee Chanbara ORIGIN,Action,59.99,2020,0
1057750,The Suicide of Rachel Foster,Adventure,17.99,2020,0
2362090,Chicken Police: Into the HIVE!,Adventure,24.99,2024,0
1658920,Crown Wars: The Black Prince,Adventure,39.99,2024,0
2153350,Brothers: A Tale of Two Sons Remake,Adventure,11.99,2024,0
1186040,Worms Rumble,Action,1.49,2020,0
1659600,Teenage Mutant Ninja Turtles: The Cowabunga Collection,Action,39.99,2022,0
1361400,Moonglow Bay,Adventure,24.99,2021,0
2238040,Tiny Terry's Turbo Trip,Adventure,17.99,2024,0
914750,Bee Simulator,Adventure,19.99,2020,0
906100,Observation,Adventure,6.24,2020,0
1331210,Wolfstride,Action,14.99,2021,0
1370140,Kao the Kangaroo,Action,7.49,2022,0
2851150,Tomba! Special Edition,Action,19.99,2024,0
1324530,"Warhammer 40,000: Shootas, Blood & Teef",Action,19.99,2022,0
1981610,Wanted: Dead,Action,29.99,2023,0
1872680,The Knight Witch,Action,4.99,2022,0
1426010,STASIS: BONE TOTEM,Adventure,19.99,2023,0
2305500,FAIRY TAIL: DUNGEONS,Adventure,13.99,2024,0
994140,Lightmatter,Adventure,19.99,2020,0
1233590,Warhammer Age of Sigmar: Storm Ground,Strategy,19.99,2021,0
2235020,Contra: Operation Galuga,Action,39.99,2024,0
1919470,Atari 50: The Anniversary Celebration,Action,39.99,2022,0
1561340,Berserk Boy,Action,12.4,2024,0
1036890,Shadow Warrior 3: Definitive Edition,Action,39.99,2022,0
363860,MythForce,Action,29.99,2023,0
1543710,Beyond Galaxyland,Action,9.89,2024,0
1085220,Figment 2: Creed Valley,Action,4.99,2023,0
1962430,Monochrome Mobius: Rights and Wrongs Forgotten,Adventure,41.99,2022,0
1438480,Saviorless,Action,12.99,2024,0
1259380,Submarine Titans,Simulation,4.99,2020,0
720350,Mundaun,Action,19.99,2021,0
1101360,Rock of Ages 3: Make & Break,Racing,29.99,2020,0
1214650,SOUTH PARK: SNOW DAY!,Action,29.99,2024,0
1121420,Kingdom Under Fire: The Crusaders,Action,19.99,2020,0
1296450,Dust & Neon,Action,19.99,2023,0
1521970,Goblin Stone,Indie,24.99,2024,0
1229460,Dice Legacy,Indie,2.99,2021,0
2076580,Pepper Grinder,Action,14.99,2024,0
541310,Tiny Thor,Action,9.99,2023,0
854940,Ikenfell,Indie,19.99,2020,0
1726120,Cursed to Golf,Sports,19.99,2022,0
878670,Shenmue III,Action,29.99,2020,0
1370050,Trek to Yomi,Action,19.99,2022,0
1730680,Klonoa Phantasy Reverie Series,Action,39.99,2022,0
1273560,DeathSprint 66,Racing,24.99,2024,0
1333200,Song of Nunu: A League of Legends Story,Adventure,29.99,2023,0
1095120,Helheim Hassle,Adventure,0.99,2020,0
829280,Kaze and the Wild Masks,Action,14.99,2021,0
1484900,Hoa,Action,14.99,2021,0
2304440,Creatures of Ava,Action,24.99,2024,0
1167140,Siege Survival: Gloria Victis,Adventure,24.99,2021,0
2596420,Arranger: A Role-Puzzling Adventure,Adventure,14.99,2024,0
1755100,The Last Clockwinder,Adventure,24.99,2022,0
762840,Maquette,Adventure,19.99,2021,0
730430,This Is the President,Adventure,14.99,2021,0
1269640,Beacon Pines,Adventure,7.99,2022,0
1266030,The Pale Beyond,Adventure,19.99,2023,0
2206210,GYLT,Action,19.99,2023,0
1430220,BIOMORPH,Action,19.99,2024,0
1409830,Sons of Valhalla,Action,19.99,2024,0
1252830,A Juggler's Tale,Action,3.59,2021,0
1921980,Between Horizons,Adventure,15.99,2024,0
924750,Harold Halibut,Adventure,34.99,2024,0
609920,Hotshot Racing,Racing,19.99,2020,0
1736290,Crime O'Clock,Adventure,19.99,2023,0
1336180,Floodland,Simulation,19.99,2022,0
2652000,The Jackbox Naughty Pack,Casual,19.99,2024,0
1042380,Hundred Days - Winemaking Simulator,Indie,24.99,2021,0
1375400,Ghosts 'n Goblins Resurrection,Action,9.89,2021,0
2139300,Redemption Reapers,Simulation,24.99,2023,0
1319460,Fashion Police Squad,Action,9.99,2022,0
1119700,As Far As The Eye,Indie,24.99,2020,0
762940,Mineko's Night Market,Adventure,19.99,2023,0
938560,INMOST,Adventure,14.99,2020,0
1144770,SLUDGE LIFE,Adventure,2.99,2021,0
721180,Dustborn,Action,14.99,2024,0
1661630,KarmaZoo,Action,9.99,2023,0
1135260,The Falconeer,Action,19.99,2020,0
1519710,SCHiM,Adventure,24.99,2024,0
890720,In Other Waters,Adventure,3.74,2020,0
1982340,Blanc,Adventure,14.99,2023,0
2275150,SLUDGE LIFE 2,Adventure,8.99,2023,0
2138090,Atelier Marie Remake: The Alchemist of Salburg,Casual,49.99,2023,0
898890,Endling - Extinction is Forever,Adventure,29.99,2022,0
1403440,Broken Roads,RPG,34.99,2024,0
1351210,Gord,Adventure,8.74,2023,0
1393370,Actraiser Renaissance,Action,29.99,2021,0
1084640,Chicken Police - Paint it RED!,Adventure,19.99,2020,0
1205900,Alwa's Legacy,Action,17.99,2020,0
944920,Nanotale - Typing Chronicles,Adventure,19.99,2021,0
1580180,Gunbrella,Action,14.99,2023,0
1107790,The Complex,Adventure,6.89,2020,0
1061880,Conan Chop Chop,Action,14.99,2022,0
1191900,Say No! More,Casual,14.99,2021,0
1946700,Layers of Fear,Adventure,29.99,2023,0
1140890,Morbid: The Seven Acolytes,Action,24.99,2020,0
1011190,SIMULACRA 2,Indie,7.99,2020,0
861250,Cyber Shadow,Action,19.99,2021,0
1998330,Yomawari: Lost in the Dark,Adventure,19.99,2022,0
2231190,Magical Delicacy,Adventure,24.99,2024,0
1225580,Fe,Action,4.99,2020,0
612570,Fort Triumph,Indie,19.99,2020,0
1062110,UNSIGHTED,Action,19.99,2021,0
1708010,The Expanse: A Telltale Series,Adventure,24.99,2023,0
1164050,When The Past Was Around,Adventure,4.79,2020,0
2229940,[REDACTED],Action,24.99,2024,0
1097110,Willy Morgan and the Curse of Bone Town,Adventure,19.99,2020,0
889910,Hell Pie,Action,24.99,2022,0
1523650,Stargate: Timekeepers,Strategy,29.99,2024,0
1335230,Sumire,Adventure,0.89,2021,0
1771360,Gerda: A Flame in Winter,Adventure,6.99,2022,0
948640,Wizardry: Labyrinth of Lost Souls,RPG,14.99,2020,0
1608700,Soundfall,Action,29.99,2022,0
1574270,Sucker for Love: First Date,Indie,9.99,2022,0
2535440,Shadows of the Damned: Hella Remastered,Action,24.99,2024,0
1333470,Alex Kidd in Miracle World DX,Action,19.99,2021,0
1582680,"Trolley Problem, Inc.",Casual,10.99,2022,0
1530470,Daymare: 1994 Sandcastle,Action,29.99,2023,0
1610460,Monster Energy Supercross - The Official Videogame 5,Racing,3.99,2022,0
2316580,Tales of Kenzera™: ZAU,Action,13.99,2024,0
581660,Super Meat Boy Forever,Action,19.99,2022,0
1911360,Trinity Fusion,Action,19.99,2023,0
1959390,Fear the Spotlight,Action,19.99,2023,0
2060790,Hauntii,Action,19.99,2024,0
1385100,Insurmountable,Adventure,24.99,2021,0
1782330,Green Hell VR,Action,24.99,2022,0
1099640,Jack Move,Adventure,19.99,2022,0
1049710,Minute of Islands,Adventure,3.99,2021,0
1345820,Ragnarock,Action,24.99,2021,0
773370,Exo One,Adventure,5.09,2021,0
1942010,Vengeful Guardian: Moonrider,Action,11.04,2023,0
916350,Saturnalia,Adventure,19.99,2023,0
814680,Unbound: Worlds Apart,Adventure,19.99,2021,0
1119600,Help Will Come Tomorrow,Adventure,19.99,2020,0
1137450,ENCODYA,Adventure,24.99,2021,0
1132910,ITORAH,Action,19.99,2022,0
1220150,Blue Fire,Action,19.99,2021,0
1341050,BALAN WONDERWORLD,Action,39.99,2021,0
1297330,Olija,Action,14.99,2021,0
2437040,Reigns: Three Kingdoms,Adventure,2.99,2024,0
1393750,Ocean's Heart,Action,14.99,2021,0
1600910,Demon's Mirror,Strategy,19.99,2024,0
985950,Operencia: The Stolen Sun,Action,29.99,2020,0
1896880,Dungeons of Dreadrock,Adventure,5.99,2022,0
1932160,Neptunia: Sisters VS Sisters,Action,49.99,2023,0
598730,Shakedown: Hawaii,Action,19.99,2020,0
2337820,The Crush House,Adventure,12.74,2024,0
1346010,RiMS Racing,Racing,49.99,2021,0
1147330,Lifeless Moon,Action,10.39,2023,0
1294420,Rollerdrome,Sports,29.99,2022,0
1783680,Thalassa: Edge of the Abyss,Adventure,19.99,2024,0
1867530,Solar Ash,Action,39.99,2022,0
702680,Wattam,Adventure,19.99,2020,0
374190,Infernax,Action,13.39,2022,0
1114290,Windjammers 2,Sports,8.99,2022,0
1399700,Kapital: Sparks of Revolution,Indie,19.99,2022,0
1016790,West of Dead,Action,19.99,2020,0
1423600,BLUE REFLECTION: Second Light,RPG,59.99,2021,0
1514930,Erica,Casual,11.99,2021,0
809060,REVEIL,Adventure,12.99,2024,0
941570,Relicta,Action,19.99,2020,0
967390,Chronos: Before the Ashes,Action,7.49,2020,0
1678420,Blade Runner: Enhanced Edition,Adventure,9.99,2022,0
1098770,The Crimson Diamond,Adventure,13.49,2024,0
465100,LUNA The Shadow Dust,Adventure,13.99,2020,0
679110,Werewolf: The Apocalypse - Earthblood,Action,29.99,2022,0
1502560,The Smurfs - Mission Vileaf,Action,2.99,2021,0
1263070,Blightbound,Action,19.99,2021,0
1248080,CYGNI: All Guns Blazing,Action,29.99,2024,0
1581480,HUMANITY,Action,17.99,2023,0
1575470,Frogun,Action,14.99,2022,0
1223910,Tennis World Tour 2,Sports,39.99,2020,0
2794770,Clock Tower: Rewind,Adventure,19.99,2024,0
1041920,If Found...,Casual,12.99,2020,0
733210,Neversong,Action,2.99,2020,0
1172650,INDUSTRIA,Action,19.99,2021,0
1000760,Foregone,Action,19.99,2021,0
2738750,REYNATIS,Action,59.99,2024,0
1946070,Ten Dates,Adventure,10.39,2023,0
1602560,The Many Pieces of Mr. Coo,Adventure,14.99,2023,0
1345760,Matchpoint - Tennis Championships,Sports,39.99,2022,0
1015940,Welcome to Elk,Adventure,14.99,2020,0
1998450,Black & White,Adventure,9.74,2023,0
1307660,Ravenbound,Action,11.99,2023,0
1304340,Monster Energy Supercross - The Official Videogame 4,Racing,29.99,2021,0
1350200,IMMORTALITY,Adventure,19.99,2022,0
1178210,Stirring Abyss,Adventure,24.99,2020,0
995980,Fae Tactics,RPG,19.99,2020,0
1071130,The Procession to Calvary,Adventure,4.49,2020,0
840210,Arkham Horror: Mother's Embrace,Adventure,19.99,2021,0
1506510,The Ramp,Sports,5.99,2021,0
1184760,Shovel Knight Pocket Dungeon,Action,19.99,2021,0
1104380,The Room VR: A Dark Matter,Adventure,29.99,2020,0
1671360,Ereban: Shadow Legacy,Action,24.99,2024,0
1612780,The Centennial Case : A Shijima Story,Adventure,49.99,2022,0
2223740,Agatha Christie - Hercule Poirot: The London Case,Action,8.99,2023,0
1960110,Silent Hope,Action,11.99,2023,0
1125910,Crowns and Pawns: Kingdom of Deceit,Adventure,19.99,2022,0
730390,Raji: An Ancient Epic,Action,24.99,2020,0
1539620,MONARK,RPG,59.99,2022,0
969760,Omno,Action,18.99,2021,0
1162130,Windbound,Adventure,19.99,2020,0
986310,Recompile,Action,19.99,2021,0
1924430,Cookie Cutter,Action,19.99,2023,0
1630110,Gungrave G.O.R.E,Action,29.99,2022,0
2516170,G.I. Joe: Wrath of Cobra,Action,19.99,2024,0
1012570,Knuckle Sandwich,Adventure,19.99,2023,0
1246250,An Airport for Aliens Currently Run by Dogs,Adventure,19.99,2021,0
2131010,The Land Beneath Us,Indie,14.99,2024,0
1150950,Timelie,Adventure,17.99,2020,0
1614270,Submerged: Hidden Depths,Adventure,29.99,2022,0
1325890,SILT,Adventure,14.99,2022,0
2769080,Kong: Survivor Instinct,Action,24.99,2024,0
1983970,Affogato,Adventure,11.04,2023,0
1499120,I Expect You To Die 2: The Spy and the Liar,Adventure,24.99,2021,0
1668530,The Legend of Nayuta: Boundless Trails,Action,27.99,2021,0
1371690,GRAVEN,Action,24.99,2024,0
1912380,Soccer Story,Sports,19.99,2022,0
762220,Afterparty,Adventure,19.99,2020,0
1110050,Evan's Remains,Adventure,6.99,2020,0
725270,Necrobarista,Indie,19.99,2020,0
865610,Tails Noir,Adventure,24.99,2021,0
946030,Axiom Verge 2,Action,19.99,2022,0
254370,Aquanox Deep Descent,Action,29.99,2020,0
1456880,ElecHead,Action,9.99,2021,0
1976950,Desktop Dungeons: Rewind,Adventure,19.99,2023,0
989440,Phantom Abyss,MMO,19.99,2024,0
1733240,Phantom Fury,Action,24.99,2024,0
1353270,Five Dates,Adventure,7.94,2020,0
628200,The Invisible Hand,Adventure,12.99,2021,0
968370,The Blind Prophet,Adventure,19.99,2020,0
1671410,Somerville,Adventure,19.99,2022,0
1430680,Clash: Artifacts of Chaos,Action,29.99,2023,0
2162020,Strayed Lights,Action,12.99,2023,0
1368130,Park Beyond,Casual,29.99,2023,0
858030,Paranoia: Happiness is Mandatory,RPG,29.99,2023,0
2602020,The Smurfs – Dreams,Action,29.99,2024,0
1045180,Shattered - Tale of the Forgotten King,Action,29.99,2021,0
739080,9 Monkeys of Shaolin,Action,19.99,2020,0
840390,Spacebase Startopia,Simulation,39.99,2021,0
1421790,Labyrinth City: Pierre the Maze Detective,Adventure,11.99,2021,0
1399080,The DioField Chronicle,RPG,59.99,2022,0
1015890,TASOMACHI: Behind the Twilight,Action,19.99,2021,0
2243670,Return to Grace,Adventure,14.99,2023,0
1139280,The Big Con,Adventure,14.99,2021,0
2660410,CORRUPTION 2029,Strategy,9.99,2024,0
2081400,Gal Guardians: Demon Purge,Action,13.24,2023,0
968870,Close to the Sun,Adventure,19.99,2020,0
985900,Young Souls,Action,9.99,2022,0
1405790,John Wick Hex,Action,19.99,2020,0
1568970,Torn Away,Adventure,8.99,2023,0
1310330,Goodbye Volcano High,Adventure,20.09,2023,0
1422420,Dodgeball Academia,Sports,24.99,2021,0
1579280,The Last Worker,Action,19.99,2023,0
1229420,Company of Crime,Action,19.99,2020,0
1402320,Medal of Honor™: Above and Beyond,Action,39.99,2020,0
690120,Inked: A Tale of Love,Adventure,9.99,2021,0
1674640,XEL,Action,14.99,2022,0
1190400,The Wonderful 101: Remastered,Action,30.0,2020,0
1154040,SpellForce 3 Fallen God,RPG,19.99,2020,0
2146570,RKGK / Rakugaki,Action,13.99,2024,0
1592540,Loretta,Adventure,14.99,2023,0
1497360,Open Roads,Adventure,19.99,2024,0
982720,Paradise Lost,Adventure,14.99,2021,0
2103680,Mediterranea Inferno,Adventure,14.99,2023,0
1209410,King of Seas,Action,24.99,2021,0
3061910,Pirate Hunter,Action,9.99,2024,0
1843540,Akimbot,Action,19.99,2024,0
750200,AWAY: The Survival Series,Action,19.99,2021,0
1154790,XIII,Action,1.99,2020,0
2015960,Parcel Corps,Racing,34.99,2024,0
1113570,Voice of Cards: The Isle Dragon Roars,RPG,29.99,2021,0
2193050,Bleak Sword DX,Action,9.99,2023,0
347800,Ghost Song,Action,19.99,2022,0
762180,Treachery in Beatdown City,Sports,19.99,2020,0
1284090,Chariots of War,Strategy,14.99,2022,0
1369520,Strangeland,Adventure,14.99,2021,0
1115780,The Almost Gone,Adventure,1.99,2020,0
1662480,Nuclear Blaze,Action,9.99,2021,0
1191260,Touken Ranbu Warriors,Action,59.99,2022,0
1223500,Umurangi Generation,Casual,14.99,2020,0
1050370,LUNARK,Action,19.99,2023,0
1178140,Pixel Ripped 1995,Action,19.99,2020,0
1619230,The Star Named EOS,Adventure,14.99,2024,0
1831700,Tin Hearts,Adventure,19.99,2023,0
1225590,Sea of Solitude,Adventure,4.99,2020,0
1082680,The Walking Dead Onslaught,Action,29.99,2020,0
1302050,Milky Way Prince – The Vampire Star,Adventure,14.99,2020,0
1532460,The Fridge is Red,Action,14.99,2022,0
2562900,Eden Genesis,Action,12.49,2024,0
959860,The Valiant,RPG,24.99,2022,0
599610,Lost Words: Beyond the Page,Action,14.99,2021,0
883360,Beyond Blue,Adventure,19.99,2020,0
1640320,B.I.O.T.A.,Action,9.99,2022,0
1651960,Hextech Mayhem: A League of Legends Story™,Action,9.99,2021,0
596000,The Shattering,Adventure,19.99,2020,0
1337530,Maskmaker,Adventure,14.99,2021,0
1121780,Astria Ascending,RPG,34.99,2021,0
623280,Dungeons & Dragons: Dark Alliance,Action,29.99,2021,0
1991300,Closer the Distance,Casual,19.99,2024,0
1424980,The Solitaire Conspiracy,Indie,11.99,2020,0
1001800,KUNAI,Action,4.24,2020,0
1267930,Deadly Dozen: Pacific Theater,Action,9.99,2020,0
1377920,Big Mutha Truckers 2,Racing,9.99,2020,0
1540350,The Fabulous Fear Machine,Indie,17.99,2023,0
768450,NUTS,Adventure,24.99,2021,0
735290,Genesis Noir,Adventure,14.99,2021,0
593640,Papetura,Adventure,6.47,2021,0
1544360,LEGO® Builder's Journey,Adventure,19.99,2021,0
922050,DOOMBLADE,Action,5.43,2023,0
2471130,Obsidian,Adventure,9.99,2023,0
1309620,Bears In Space,Action,19.99,2024,0
931310,Airplane Mode,Indie,11.99,2020,0
1277130,Deathbound,Action,20.99,2024,0
910490,Killsquad,Action,29.99,2021,0
1035560,Struggling,Action,14.99,2020,0
817020,Unholy,Action,29.99,2023,0
1164060,The Last Show of Mr. Chardish,Action,9.99,2020,0
1024480,Immortal Realms: Vampire Wars,Action,29.99,2020,0
1969440,Sunday Gold,Adventure,21.99,2022,0
2556990,Beyond Good & Evil - 20th Anniversary Edition,Action,15.99,2024,0
695330,SEASON: A letter to the future,Adventure,24.99,2023,0
1419620,Saltsea Chronicles,Adventure,24.99,2023,0
2161620,Lysfanga: The Time Shift Warrior,Action,19.99,2024,0
2104880,Undead Inc.,Action,9.99,2024,0
2008510,Go Mecha Ball,Action,9.99,2024,0
1672310,Decarnation,Action,14.99,2023,0
1903910,Slave Zero X,Action,24.99,2024,0
2060870,Invincible Presents: Atom Eve,Adventure,9.99,2023,0
2172180,Howl,Adventure,9.99,2023,0
1640630,Heading Out,Racing,19.99,2024,0
1546920,Overboard!,Adventure,7.49,2021,0
1058690,Signs of the Sojourner,Adventure,19.99,2020,0
926580,Broken Lines,Strategy,24.99,2020,0
1075200,TOHU,Adventure,14.99,2021,0
1451080,DUNGEON ENCOUNTERS,RPG,29.99,2021,0
951750,I Am Dead,Adventure,19.99,2020,0
1989320,Astor: Blade of the Monolith,Action,24.99,2024,0
1170060,Boomerang X,Action,19.99,2021,0
794960,The Sojourn,Adventure,24.99,2020,0
1146310,Beyond a Steel Sky,Action,6.99,2020,0
1739900,Death of the Reprobate,Adventure,11.69,2024,0
1293730,Broken Pieces,Action,24.99,2022,0
1905020,Greyhill Incident,Adventure,24.99,2023,0
1811040,South of the Circle,Adventure,12.99,2022,0
1037120,Mutropolis,Adventure,12.99,2021,0
1650810,Loopmancer,Action,24.99,2022,0
1301950,Time Loader,Action,1.49,2021,0
2543760,Shadow of the Ninja - Reborn,Action,19.99,2024,0
1600370,Not Tonight 2,Adventure,4.99,2022,0
2215540,Colossal Cave,Adventure,24.99,2023,0
2450820,Radiant Silvergun,Action,19.99,2023,0
1213750,Fight Crab,Sports,19.99,2020,0
1422410,Into the Pit,Action,14.99,2021,0
2082270,Artifact,Adventure,7.99,2022,0
1432850,Farewell North,Adventure,19.19,2024,0
2081470,Red Matter 2,Action,29.99,2022,0
1183850,Pneumata,Action,34.99,2024,0
899310,Iron Danger,Action,19.99,2020,0
1122680,The Artful Escape,Action,19.99,2021,0
1042670,Orangeblood,Indie,19.99,2020,0
912570,BEAUTIFUL DESOLATION,Adventure,12.99,2020,0
1195360,Re:Turn - One Way Trip,Adventure,11.99,2020,0
989790,The Vale: Shadow of the Crown,Action,9.99,2021,0
1666250,Circus Electrique,Indie,19.99,2022,0
1060210,Disaster Report 4: Summer Memories,Action,59.99,2020,0
1647730,Zool Redimensioned,Action,9.99,2021,0
1617220,Thirsty Suitors,Action,29.99,2023,0
1177030,PONG Quest™,Action,14.99,2020,0
1280300,Steel Assault,Action,14.99,2021,0
1781010,Pine Hearts,Adventure,19.99,2024,0
945680,Here Be Dragons,Adventure,9.99,2020,0
1386870,Wraith: The Oblivion - Afterlife,Adventure,19.99,2021,0
1346400,Battle Engine Aquila,Action,9.99,2020,0
1468380,The Sundew,Adventure,14.99,2021,0
2662630,The Elder Scrolls Online: Gold Road,MMO,39.99,2024,0
1505430,Inversion,Action,0.99,2021,0
1383250,Please Fix The Road,Casual,9.99,2022,0
1400970,The Elder Scrolls Online - Blackwood,MMO,0.0,2021,1
1586880,Essays on Empathy,Casual,12.99,2021,0
2493360,Dark and Deep,Action,19.99,2024,0
2337640,Pinball M,Simulation,0.0,2023,1
1130710,Bookbound Brigade,Action,19.99,2020,0
1060600,Lair of the Clockwork God,Action,19.99,2020,0
1139870,The Dark Eye : Book of Heroes,RPG,9.99,2020,0
975150,Resolutiion,Action,19.99,2020,0
1095040,Unexplored 2: The Wayfarer's Legacy,Adventure,19.99,2022,0
605800,Skelattack,Action,19.99,2020,0
1592490,Bloodless,Action,14.99,2024,0
975950,Effie,Action,19.99,2020,0
1787810,Song in the Smoke,Action,29.99,2021,0
2099990,graveyard keeper,Casual,0.0,2022,1
1698220,Teslagrad 2,Action,19.99,2023,0
1145290,Out There: Oceans of Time,Adventure,24.99,2022,0
3246160,Shelter,Casual,2.69,2024,0
523770,Of Bird and Cage,Action,9.99,2021,0
1154830,Scathe,Action,24.99,2022,0
1675900,Warlander,MMO,0.0,2023,1
1240060,A Highland Song,Adventure,10.79,2023,0
979310,Disjunction,Action,1.59,2021,0
1620720,The Forest Quartet,Adventure,9.99,2022,0
1585440,They Always Run,Action,9.99,2021,0
536280,Disintegration,Action,29.99,2020,0
1154670,Die by the Blade,Action,19.99,2024,0
1318970,This Way Madness Lies,RPG,9.99,2022,0
1529550,The Magnificent Trufflepigs,Adventure,11.99,2021,0
1966420,Harmony: The Fall of Reverie,Adventure,8.74,2023,0
3270520,Limbo,Action,0.99,2024,0
2211280,Roller Champions™,Sports,0.0,2022,1
1401400,Lovecraft's Untold Stories 2,Action,19.99,2022,0
1299360,Mighty Goose,Action,19.99,2021,0
1293910,Read Only Memories: NEURODIVER,Adventure,14.99,2024,0
2527580,Teenage Mutant Ninja Turtles Arcade: Wrath of the Mutants,Action,29.99,2024,0
1453790,The Serpent Rogue,Action,1.99,2022,0
1258220,Song of Iron,Action,19.99,2021,0
1727180,NeverAwake,Action,19.99,2022,0
2024390,Mato Anomalies,RPG,5.99,2023,0
945740,Buildings Have Feelings Too!,Indie,19.99,2021,0
2089830,Beat Slayer,Action,19.99,2024,0
1062340,KATANA KAMI: A Way of the Samurai Story,Action,29.99,2020,0
1342620,Werewolf: The Apocalypse — Heart of the Forest,Adventure,14.99,2020,0
1098292,DOOM Eternal: The Ancient Gods - Part One,Action,19.99,2020,0
1249110,Skully,Adventure,29.99,2020,0
3070400,Late Shift,Action,5.99,2024,0
1569220,Abermore,Action,1.59,2022,0
2357570,Overwatch® 2,Action,0.0,2023,1
1436920,Tandem: A Tale of Shadows,Action,9.99,2021,0
1947210,SPLIT,Casual,0.99,2022,0
2933620,Call of Duty®: Black Ops 6,Action,69.99,2024,0
1755030,Mothmen 1966,Adventure,8.99,2022,0
1507790,Witch Strandings,Adventure,14.99,2022,0
1649340,Theatre of War,Strategy,6.99,2021,0
2324650,The Murder of Sonic the Hedgehog,Casual,0.0,2023,1
2074920,The First Descendant,Action,0.0,2024,1
2600140,"Please, Touch The Artwork 2",Adventure,0.0,2024,1
1094540,Smelter,Action,19.99,2021,0
962700,Chronicle of Innsmouth: Mountains of Madness,Adventure,19.99,2021,0
1383700,Jet Kave Adventure,Action,1.49,2021,0
1125330,Griefhelm,Sports,9.99,2020,0
1064840,Tamarin,Action,29.99,2020,0
1220370,Ever Forward,Adventure,14.99,2020,0
1321070,Death Come True,Adventure,15.99,2020,0
2073850,THE FINALS,Action,0.0,2023,1
2685090,Ufouria: The Saga 2,Action,24.99,2024,0
2160480,Hellboy Web of Wyrd,Action,24.99,2023,0
2784620,ROGUE FLIGHT,Action,19.99,2024,0
2076820,VANQUISH,Action,1.99,2022,0
2632930,Life Eater,Indie,14.99,2024,0
1239950,Astronaut: The Best,Adventure,14.99,2023,0
874040,Ministry of Broadcast,Adventure,14.99,2020,0
1674920,Sovereign Syndicate,RPG,13.99,2024,0
1311070,Greak: Memories of Azur,Action,4.99,2021,0
1122700,Hindsight,Adventure,14.99,2022,0
1189800,Bleeding Edge,Action,29.99,2020,0
1522140,Demon Skin,Action,9.99,2021,0
2278790,Grapple Dogs: Cosmic Canines,Action,17.99,2024,0
1155460,The Academy: The First Riddle,Adventure,7.99,2020,0
1308880,FORECLOSED,Action,16.99,2021,0
2225070,Trackmania,Racing,0.0,2023,1
1506440,Batora: Lost Haven,Action,4.99,2022,0
1211930,Ghost on the Shore,Adventure,19.99,2022,0
1068600,Waking,Action,19.99,2020,0
894620,ATONE: Heart of the Elder Tree,Action,14.99,2023,0
935570,Ary and the Secret of Seasons,Action,39.99,2020,0
925570,The Uncertain: Light At The End,Action,1.49,2020,0
1022710,Conglomerate 451,Indie,19.99,2020,0
2534370,Yars Rising,Action,29.99,2024,0
831050,Dolmen,Action,2.99,2022,0
1417880,Winter Ember,Action,29.99,2022,0
1451120,Sunlight,Adventure,3.99,2021,0
2519060,Call of Duty®: Modern Warfare® III,Action,69.99,2023,0
957710,The Waylanders,Action,34.99,2022,0
2008420,Flashback 2,Action,15.99,2023,0
1911800,Atari Mania,Action,24.99,2022,0
1337920,Serial Cleaners,Action,7.49,2022,0
1426900,Dread Nautical,Indie,19.99,2020,0
1129920,Tales From Off-Peak City Vol. 1,Adventure,9.99,2020,0
1696220,FixFox,Adventure,4.49,2022,0
1234180,Moons Of Darsalon,Action,19.67,2023,0
589670,Double Kick Heroes,Action,19.99,2020,0
1048740,Half Past Fate,Adventure,19.99,2020,0
1329810,Nexagon: Deathmatch,Action,4.99,2020,0
1295790,The Longest Road on Earth,Adventure,9.99,2021,0
1962663,Call of Duty®: Warzone™,Action,0.0,2022,1
1079830,Cris Tales,Action,39.99,2021,0
2141910,Magic: The Gathering Arena,Strategy,0.0,2023,1
715380,Those Who Remain,Adventure,19.99,2020,0
451310,A Fold Apart,Adventure,9.99,2020,0
2195140,Volgarr the Viking II,Action,19.99,2024,0
1205430,The Elder Scrolls Online - Greymoor,MMO,0.0,2020,1
1188900,Fire Tonight,Indie,5.99,2021,0
1273750,Button City,Adventure,19.99,2021,0
1243890,Sword of the Necromancer,Action,14.99,2021,0
1910600,ONE BTN BOSSES,Action,11.99,2024,0
2424110,Demon Slayer -Kimetsu no Yaiba- Sweep the Board!,Action,59.99,2024,0
2069180,The King's Dilemma: Chronicles,RPG,14.99,2023,0
1243690,Gods Will Fall,Action,14.99,2021,0
3183850,Overlord,Casual,34.99,2024,0
1941410,The Cub,Adventure,14.99,2024,0
1803840,Lucky's Tale,Action,19.99,2021,0
1162280,Eternal Hope,Adventure,11.99,2020,0
1122100,Giraffe and Annika,Action,19.99,2020,0
1684400,Best Month Ever!,Adventure,19.99,2022,0
917840,Wintermoor Tactics Club,Adventure,14.99,2020,0
2742010,Off-Road: Redneck Racing,Racing,7.99,2024,0
1163060,The Making of Karateka,Action,19.99,2023,0
1943420,I doesn't exist - a modern text adventure,Adventure,12.99,2023,0
1287310,Juiced!,Action,1.99,2020,0
1920100,Backfirewall_,Adventure,14.99,2023,0
1271400,Adios,Adventure,17.99,2021,0
2114300,Chronique des Silencieux,Adventure,13.99,2024,0
1296980,Forgotten Fields,Adventure,12.99,2021,0
1452500,The Good Life,Indie,14.99,2021,0
1597580,Clid The Snail,Action,19.99,2021,0
853050,El Hijo - A Wild West Tale,Adventure,19.99,2020,0
975510,Panzer Paladin,Action,19.99,2020,0
1449850,Yu-Gi-Oh! Master Duel,Simulation,0.0,2022,1
1220100,Tentacular,Action,24.99,2022,0
820540,Bloodroots,Action,19.99,2021,0
1717410,Prince of Qin,Action,9.99,2021,0
1453900,Curse of the Sea Rats,Action,8.99,2023,0
1880470,The Inquisitor,Action,39.99,2024,0
1502080,ALTDEUS: Beyond Chronos,Adventure,29.99,2021,0
1039100,No Place for Bravery,Action,19.99,2022,0
1323540,Aerial_Knight's Never Yield,Action,11.99,2021,0
1294880,Blind Fate: Edo no Yami,Action,19.99,2022,0
1399690,Reverie Knights Tactics,Adventure,2.99,2022,0
1885750,Betrayal At Club Low,Adventure,9.99,2022,0
1452070,LONE RUIN,Action,14.99,2023,0
837460,Batbarian: Testament of the Primordials,Action,14.99,2020,0
1546100,A Musical Story,Adventure,14.99,2022,0
907670,Super Crush KO,Action,14.99,2020,0
1142390,Remothered: Broken Porcelain,Action,29.99,2020,0
1962660,Call of Duty®: Modern Warfare® II,Action,69.99,2022,0
2834910,Rocksmith+,Casual,0.0,2024,1
1320230,Curved Space,Action,19.99,2021,0
1558930,Little Orpheus,Adventure,12.99,2022,0
1247570,Expedition Zero,Action,19.99,2022,0
1760330,Noreya: The Gold Project,Action,24.99,2024,0
600080,Unto The End,Action,14.99,2020,0
1053710,The Red Lantern,Adventure,24.99,2021,0
1547380,KINGDOM of the DEAD,Action,14.99,2022,0
1508400,Kaiju Wars,Indie,19.99,2022,0
2229890,Command & Conquer Renegade™,Action,0.0,2024,1
1851030,God of Rock,Action,29.99,2023,0
1406810,After Us,Adventure,29.99,2023,0
1140100,The Persistence,Action,29.99,2020,0
2680190,Rails Across America,Simulation,9.99,2024,0
2732960,Command & Conquer™ Generals Zero Hour,Action,0.0,2024,1
1431850,The Tartarus Key,Adventure,19.99,2023,0
691790,Arcadian Atlas,Indie,19.99,2023,0
2560250,Observer,Adventure,3.99,2023,0
1030060,Seed of Life,Action,24.99,2021,0
1358840,Flat Eye,Indie,18.99,2022,0
1374970,Moonscars,Action,19.99,2022,0
1913160,COPS 2170 The Power of Law,Action,11.99,2022,0
2172860,The Elder Scrolls Online: Necrom,MMO,0.0,2023,1
651490,No Longer Home,Adventure,2.99,2021,0
1034750,The Flower Collectors,Adventure,14.99,2020,0
1573390,Lila’s Sky Ark,Action,14.99,2022,0
2079180,VIDEOVERSE,Adventure,8.7,2023,0
971030,SkateBIRD,Racing,19.99,2021,0
966400,Speaking Simulator,Indie,7.99,2020,0
2905090,UberSoldier,Action,4.99,2024,0
886060,Redout: Space Assault,Action,9.99,2021,0
1476170,Godstrike,Action,14.99,2021,0
2132540,Mr. Run and Jump,Action,24.99,2023,0
1084990,Old Gods Rising,Adventure,4.99,2020,0
1621990,Stray Blade,Action,12.99,2023,0
1758910,Time Commando,Action,5.99,2021,0
1019310,VirtuaVerse,Adventure,14.99,2020,0
1542110,Daydream: Forgotten Sorrow,Action,19.99,2023,0
1106830,Rainbow Billy: The Curse of the Leviathan,Adventure,19.99,2021,0
1592320,Aztech Forgotten Gods,Action,29.99,2022,0
1973310,Phoenix Springs,Adventure,19.99,2024,0
1072190,Crossfire: Legion,Action,19.99,2022,0
1337100,Warhammer Age of Sigmar: Tempestfall,Action,19.99,2021,0
1198590,Stonefly,Action,16.99,2021,0
1398100,Orwell's Animal Farm,Adventure,9.99,2020,0
1449320,Alfred Hitchcock - Vertigo,Adventure,3.99,2021,0
1093290,The Wild at Heart,Adventure,24.99,2021,0
1210490,YesterMorrow,Action,19.99,2020,0
2009450,Invector: Rhythm Galaxy,Action,24.99,2023,0
1329790,Override 2: Super Mech League,Action,29.99,2020,0
1490340,We Are OFK,Adventure,19.99,2022,0
1097790,The Dark Crystal: Age of Resistance Tactics,RPG,19.99,2020,0
1172190,Chinatown Detective Agency,Adventure,24.99,2022,0
1419290,Out of Line,Action,7.99,2021,0
1094730,Black Legend,RPG,19.99,2021,0
1150590,Samurai Jack: Battle Through Time,Action,39.99,2020,0
1210150,Ageless,Adventure,2.99,2020,0
2005680,Akka Arrh,Action,19.99,2023,0
2429640,THRONE AND LIBERTY,MMO,0.0,2024,1
1388260,P.I.D.,Indie,5.99,2020,0
1342260,SAMURAI SHODOWN,Action,0.0,2021,1
2376270,Lunar Lander Beyond,Action,29.99,2024,0
1754000,The Elder Scrolls Online: High Isle,MMO,0.0,2022,1
1080450,Wayward Strand,Adventure,19.99,2022,0
1351000,Gangs of Sherwood,Action,39.99,2023,0
1266680,Strobophagia | Rave Horror,Adventure,19.99,2020,0
1098170,Dark Nights with Poe and Munro,Adventure,12.99,2020,0
1136020,Cannibal Cuisine,Action,12.99,2020,0
1228870,Bartlow's Dread Machine,Action,5.99,2020,0
1297300,The Shore,Action,11.99,2021,0
970840,OVERPASS™,Racing,29.99,2021,0
1205480,Monster Jam Steel Titans 2,Racing,29.99,2021,0
1050880,Wavey The Rocket,Action,10.99,2020,0
1296290,What Happened,Adventure,24.99,2020,0
544920,Darwin Project,Action,0.0,2020,1
2236680,Llamasoft: The Jeff Minter Story,Action,29.99,2024,0
1668190,Once Upon a Jester,Adventure,5.99,2022,0
887450,Tunche,Action,19.99,2021,0
2139460,Once Human,Action,0.0,2024,1
1931240,MOTHERGUNSHIP: FORGE,Action,19.99,2022,0
838110,HyperParasite,Action,17.99,2020,0
944430,The Last Friend,Action,14.99,2021,0
1378070,Drawn to Life: Two Realms,Adventure,3.49,2020,0
